open,high,low,close,volume,timestamp
83717.3671875,83724.78125,83330.7421875,83350.7421875,0,2025-07-10 03:45:00+00:00
83354.828125,83412.0078125,83228.09375,83295.421875,0,2025-07-10 04:45:00+00:00
83295.328125,83306.25,83152.796875,83183.921875,0,2025-07-10 05:45:00+00:00
83182.4296875,83349.8828125,83174.140625,83250.828125,0,2025-07-10 06:45:00+00:00
83250.390625,83388.046875,83172.4296875,83295.1015625,0,2025-07-10 07:45:00+00:00
83294.7421875,83350.5703125,83140.7109375,83182.5234375,0,2025-07-10 08:45:00+00:00
83182.0078125,83208.0625,83182.0078125,83190.28125,0,2025-07-10 09:45:00+00:00
82844.90625,83038.9765625,82798.9609375,82825.28125,0,2025-07-11 03:45:00+00:00
82827.4296875,82828.8203125,82487.421875,82592.21875,0,2025-07-11 04:45:00+00:00
82591.90625,82591.90625,82452.796875,82532.78125,0,2025-07-11 05:45:00+00:00
82532.53125,82624.703125,82464.5078125,82513.203125,0,2025-07-11 06:45:00+00:00
82516.5,82612.34375,82485.5390625,82564.171875,0,2025-07-11 07:45:00+00:00
82558.6875,82576.9296875,82498.1171875,82502.21875,0,2025-07-11 08:45:00+00:00
82505.5625,82534.78125,82500.8515625,82500.8515625,0,2025-07-11 09:45:00+00:00
82527.8828125,82527.8828125,82109.4375,82361.3984375,0,2025-07-14 03:45:00+00:00
82361.3984375,82383.0390625,82161.4609375,82179.6484375,0,2025-07-14 04:45:00+00:00
82179.6484375,82194.7578125,82059.34375,82138.7578125,0,2025-07-14 05:45:00+00:00
82138.859375,82173.59375,82010.3828125,82069.5390625,0,2025-07-14 06:45:00+00:00
82067.2578125,82167.6015625,82034.3984375,82116.453125,0,2025-07-14 07:45:00+00:00
82116.453125,82314.8203125,82091.9609375,82252.3125,0,2025-07-14 08:45:00+00:00
82252.078125,82254.6015625,82245.28125,82253.421875,0,2025-07-14 09:45:00+00:00
82233.15625,82462.3828125,82233.15625,82392.1328125,0,2025-07-15 03:45:00+00:00
82388.546875,82743.4921875,82312.640625,82684.5390625,0,2025-07-15 04:45:00+00:00
82684.25,82704.1875,82598.7890625,82635.4921875,0,2025-07-15 05:45:00+00:00
82635.453125,82675.7421875,82543.171875,82608.921875,0,2025-07-15 06:45:00+00:00
82608.15625,82621.2578125,82493.0625,82550.390625,0,2025-07-15 07:45:00+00:00
82550.7734375,82602.1875,82447.109375,82591.4765625,0,2025-07-15 08:45:00+00:00
82589.7265625,82589.7265625,82522.7109375,82570.90625,0,2025-07-15 09:45:00+00:00
82606.171875,82623.1484375,82371.7265625,82424.3203125,0,2025-07-16 03:45:00+00:00
82424.0390625,82461.25,82343.0078125,82411.3125,0,2025-07-16 04:45:00+00:00
82408.953125,82613.8984375,82351.34375,82547.5390625,0,2025-07-16 05:45:00+00:00
82547.6875,82704.9765625,82518.2734375,82652.9921875,0,2025-07-16 06:45:00+00:00
82652.9921875,82765.8671875,82565.0703125,82740.28125,0,2025-07-16 07:45:00+00:00
82740.9765625,82784.53125,82635.8125,82643.25,0,2025-07-16 08:45:00+00:00
82641.4375,82655.75,82634.4296875,82634.4296875,0,2025-07-16 09:45:00+00:00
82713.53125,82713.53125,82455.5390625,82455.5390625,0,2025-07-17 03:45:00+00:00
82455.4921875,82560.5,82403.59375,82519.4921875,0,2025-07-17 04:45:00+00:00
82519.4921875,82589.7109375,82481.09375,82524.921875,0,2025-07-17 05:45:00+00:00
82527.8203125,82572.5703125,82431.578125,82441.359375,0,2025-07-17 06:45:00+00:00
82439.84375,82497.0703125,82367.921875,82392.0,0,2025-07-17 07:45:00+00:00
82393.0234375,82414.6796875,82219.59375,82281.671875,0,2025-07-17 08:45:00+00:00
82281.1796875,82281.1796875,82256.40625,82259.2265625,0,2025-07-17 09:45:00+00:00
82193.6171875,82272.9375,81887.4375,81925.59375,0,2025-07-18 03:45:00+00:00
81923.109375,81923.109375,81629.84375,81728.4609375,0,2025-07-18 04:45:00+00:00
81733.2109375,81796.4921875,81623.15625,81649.2109375,0,2025-07-18 05:45:00+00:00
81648.6796875,81804.2734375,81608.71875,81707.5390625,0,2025-07-18 06:45:00+00:00
81707.5390625,81798.09375,81654.3203125,81754.9765625,0,2025-07-18 07:45:00+00:00
81753.9921875,81873.1328125,81708.7109375,81753.21875,0,2025-07-18 08:45:00+00:00
81756.3203125,81757.7265625,81750.28125,81757.7265625,0,2025-07-18 09:45:00+00:00
81892.6171875,82152.9765625,81524.359375,82102.8984375,0,2025-07-21 03:45:00+00:00
82100.2421875,82161.546875,82030.9609375,82127.5078125,0,2025-07-21 04:45:00+00:00
82127.5078125,82150.890625,81927.171875,82058.7734375,0,2025-07-21 05:45:00+00:00
82059.328125,82103.0,81961.71875,82069.390625,0,2025-07-21 06:45:00+00:00
82069.390625,82083.953125,81882.1171875,81985.96875,0,2025-07-21 07:45:00+00:00
81986.2734375,82199.25,81921.0,82191.109375,0,2025-07-21 08:45:00+00:00
82193.6015625,82200.34375,82161.8203125,82200.34375,0,2025-07-21 09:45:00+00:00
82538.171875,82538.171875,82245.640625,82329.609375,0,2025-07-22 03:45:00+00:00
82329.6171875,82385.1796875,82151.390625,82208.8515625,0,2025-07-22 04:45:00+00:00
82208.8515625,82266.828125,82110.78125,82227.921875,0,2025-07-22 05:45:00+00:00
82227.6171875,82379.40625,82213.9921875,82291.9765625,0,2025-07-22 06:45:00+00:00
82291.9765625,82336.3515625,82207.8125,82270.2890625,0,2025-07-22 07:45:00+00:00
82270.2890625,82287.671875,82137.34375,82181.0,0,2025-07-22 08:45:00+00:00
82182.7109375,82187.3515625,82178.0703125,82186.8125,0,2025-07-22 09:45:00+00:00
82439.140625,82474.7265625,82279.78125,82351.21875,0,2025-07-23 03:45:00+00:00
82350.6015625,82467.5390625,82311.7109375,82416.3125,0,2025-07-23 04:45:00+00:00
82417.359375,82538.53125,82363.6171875,82508.40625,0,2025-07-23 05:45:00+00:00
82508.40625,82632.3671875,82503.953125,82539.921875,0,2025-07-23 06:45:00+00:00
82539.921875,82689.46875,82492.7109375,82689.46875,0,2025-07-23 07:45:00+00:00
82690.9609375,82785.421875,82657.828125,82771.5,0,2025-07-23 08:45:00+00:00
82770.046875,82770.046875,82727.9609375,82727.9609375,0,2025-07-23 09:45:00+00:00
82779.953125,82779.953125,82456.640625,82471.9609375,0,2025-07-24 03:45:00+00:00
82473.3828125,82575.4765625,82458.8671875,82464.640625,0,2025-07-24 04:45:00+00:00
82460.6015625,82460.6015625,82048.3984375,82140.7265625,0,2025-07-24 05:45:00+00:00
82143.0078125,82255.8125,82078.9921875,82179.8203125,0,2025-07-24 06:45:00+00:00
82180.1171875,82303.8984375,82122.90625,82273.140625,0,2025-07-24 07:45:00+00:00
82271.359375,82304.9609375,82168.046875,82213.5625,0,2025-07-24 08:45:00+00:00
82200.90625,82201.5625,82184.46875,82184.46875,0,2025-07-24 09:45:00+00:00
82002.5390625,82004.0390625,81722.59375,81772.703125,0,2025-07-25 03:45:00+00:00
81772.703125,81772.703125,81540.8203125,81613.8984375,0,2025-07-25 04:45:00+00:00
81614.1015625,81764.8125,81505.109375,81543.65625,0,2025-07-25 05:45:00+00:00
81548.5625,81641.328125,81440.5625,81558.7890625,0,2025-07-25 06:45:00+00:00
81559.3671875,81608.296875,81406.8984375,81482.34375,0,2025-07-25 07:45:00+00:00
81482.34375,81534.21875,81398.40625,81480.9375,0,2025-07-25 08:45:00+00:00
81483.421875,81483.421875,81463.0703125,81463.09375,0,2025-07-25 09:45:00+00:00
81285.90625,81477.5390625,81095.453125,81422.0078125,0,2025-07-28 03:45:00+00:00
81421.578125,81556.828125,81210.2578125,81317.4375,0,2025-07-28 04:45:00+00:00
81316.7109375,81378.953125,81230.3671875,81245.53125,0,2025-07-28 05:45:00+00:00
81244.1484375,81277.5625,80970.578125,80986.7890625,0,2025-07-28 06:45:00+00:00
80986.7890625,81002.71875,80778.4765625,80885.3671875,0,2025-07-28 07:45:00+00:00
80886.171875,81001.5,80869.40625,80885.890625,0,2025-07-28 08:45:00+00:00
80887.3125,80907.75,80887.3125,80891.0234375,0,2025-07-28 09:45:00+00:00
80643.1875,80990.71875,80619.4765625,80809.921875,0,2025-07-29 03:45:00+00:00
80806.390625,80833.3125,80628.8515625,80760.2734375,0,2025-07-29 04:45:00+00:00
80761.8515625,80931.109375,80760.6015625,80884.203125,0,2025-07-29 05:45:00+00:00
80884.046875,81036.2890625,80861.53125,81026.96875,0,2025-07-29 06:45:00+00:00
81027.1328125,81279.59375,81008.453125,81258.6171875,0,2025-07-29 07:45:00+00:00
81257.796875,81349.3203125,81155.0078125,81296.21875,0,2025-07-29 08:45:00+00:00
81296.890625,81340.078125,81284.8125,81337.953125,0,2025-07-29 09:45:00+00:00
81594.5234375,81594.5234375,81309.8515625,81405.8671875,0,2025-07-30 03:45:00+00:00
81405.4921875,81451.1796875,81187.1015625,81414.8203125,0,2025-07-30 04:45:00+00:00
81417.2578125,81605.09375,81412.390625,81451.390625,0,2025-07-30 05:45:00+00:00
81451.5,81549.09375,81419.1484375,81455.7109375,0,2025-07-30 06:45:00+00:00
81455.7109375,81558.9296875,81409.1171875,81511.4296875,0,2025-07-30 07:45:00+00:00
81511.15625,81608.8828125,81470.2265625,81499.421875,0,2025-07-30 08:45:00+00:00
81499.640625,81504.5703125,81481.9296875,81481.9296875,0,2025-07-30 09:45:00+00:00
80695.5,81050.828125,80695.5,80882.5625,0,2025-07-31 03:45:00+00:00
80877.7109375,81200.421875,80857.0078125,81105.3125,0,2025-07-31 04:45:00+00:00
81110.5625,81345.171875,81095.328125,81337.09375,0,2025-07-31 05:45:00+00:00
81335.1484375,81698.1015625,81335.1484375,81625.1328125,0,2025-07-31 06:45:00+00:00
81626.1328125,81802.609375,81606.6328125,81686.296875,0,2025-07-31 07:45:00+00:00
81692.078125,81696.421875,81146.90625,81165.46875,0,2025-07-31 08:45:00+00:00
81245.109375,81245.109375,81185.578125,81185.578125,0,2025-07-31 09:45:00+00:00
81037.7265625,81182.078125,80893.71875,81174.3671875,0,2025-08-01 03:45:00+00:00
81174.25,81314.8984375,81037.2421875,81051.7578125,0,2025-08-01 04:45:00+00:00
81052.15625,81076.8203125,80841.8203125,80897.7109375,0,2025-08-01 05:45:00+00:00
80895.5,81018.96875,80777.0078125,80889.15625,0,2025-08-01 06:45:00+00:00
80890.640625,81007.96875,80768.0078125,80858.578125,0,2025-08-01 07:45:00+00:00
80857.78125,80884.3515625,80497.71875,80531.25,0,2025-08-01 08:45:00+00:00
80532.2890625,80635.078125,80532.2890625,80600.109375,0,2025-08-01 09:45:00+00:00
80692.71875,80900.2265625,80502.6015625,80724.53125,0,2025-08-04 03:45:00+00:00
80724.15625,80872.1328125,80659.40625,80863.546875,0,2025-08-04 04:45:00+00:00
80863.8515625,80926.828125,80776.4765625,80908.1484375,0,2025-08-04 05:45:00+00:00
80910.1171875,81044.9765625,80870.2265625,80959.171875,0,2025-08-04 06:45:00+00:00
80965.2890625,81091.953125,80810.25,81029.25,0,2025-08-04 07:45:00+00:00
81035.203125,81066.6875,80928.3671875,81021.4765625,0,2025-08-04 08:45:00+00:00
81020.4375,81020.4375,81004.1015625,81018.671875,0,2025-08-04 09:45:00+00:00
80954.546875,81008.9296875,80559.0625,80667.4765625,0,2025-08-05 03:45:00+00:00
80662.1875,80750.703125,80587.8828125,80683.09375,0,2025-08-05 04:45:00+00:00
80683.09375,80818.4921875,80643.203125,80796.8125,0,2025-08-05 05:45:00+00:00
80796.40625,80824.90625,80651.9375,80675.21875,0,2025-08-05 06:45:00+00:00
80672.4921875,80692.078125,80555.5234375,80615.15625,0,2025-08-05 07:45:00+00:00
80618.609375,80803.4296875,80565.2421875,80792.8671875,0,2025-08-05 08:45:00+00:00
80793.3125,80793.3125,80688.96875,80710.25,0,2025-08-05 09:45:00+00:00
80740.828125,80832.25,80546.2109375,80625.5703125,0,2025-08-06 03:45:00+00:00
80626.453125,80757.5,80449.109375,80502.84375,0,2025-08-06 04:45:00+00:00
80508.34375,80643.296875,80472.1328125,80592.3125,0,2025-08-06 05:45:00+00:00
80592.3125,80721.5078125,80575.5390625,80672.390625,0,2025-08-06 06:45:00+00:00
80672.921875,80726.1484375,80569.109375,80574.7890625,0,2025-08-06 07:45:00+00:00
80574.140625,80635.84375,80458.15625,80556.40625,0,2025-08-06 08:45:00+00:00
80556.4921875,80556.4921875,80537.953125,80543.9921875,0,2025-08-06 09:45:00+00:00
80217.296875,80420.578125,80206.4765625,80236.40625,0,2025-08-07 03:45:00+00:00
80240.359375,80258.5078125,79979.046875,80056.6875,0,2025-08-07 04:45:00+00:00
80057.2578125,80162.140625,80041.46875,80138.859375,0,2025-08-07 05:45:00+00:00
80137.9609375,80174.890625,80004.921875,80022.03125,0,2025-08-07 06:45:00+00:00
80024.0390625,80107.2265625,79811.8203125,80075.5390625,0,2025-08-07 07:45:00+00:00
80078.9375,80633.71875,80078.9375,80603.5234375,0,2025-08-07 08:45:00+00:00
80603.453125,80623.28125,80545.890625,80623.2578125,0,2025-08-07 09:45:00+00:00
80426.7734375,80548.21875,80104.03125,80143.90625,0,2025-08-08 03:45:00+00:00
80139.3984375,80234.578125,80012.4609375,80095.3125,0,2025-08-08 04:45:00+00:00
80096.5234375,80134.171875,79991.1796875,80057.8125,0,2025-08-08 05:45:00+00:00
80057.8984375,80240.2109375,80022.1484375,80089.2109375,0,2025-08-08 06:45:00+00:00
80089.2109375,80174.078125,79971.0625,80027.6875,0,2025-08-08 07:45:00+00:00
80026.5,80092.7734375,79776.96875,79811.7265625,0,2025-08-08 08:45:00+00:00
79918.46875,79918.46875,79857.75,79857.7890625,0,2025-08-08 09:45:00+00:00
79870.859375,80059.4609375,79782.4296875,80015.9296875,0,2025-08-11 03:45:00+00:00
80016.6484375,80189.6796875,80015.078125,80109.328125,0,2025-08-11 04:45:00+00:00
80109.328125,80223.8203125,79988.703125,80108.578125,0,2025-08-11 05:45:00+00:00
80108.7578125,80292.84375,80062.890625,80209.8515625,0,2025-08-11 06:45:00+00:00
80206.4921875,80415.71875,80191.1484375,80403.890625,0,2025-08-11 07:45:00+00:00
80413.0390625,80636.046875,80377.0390625,80588.65625,0,2025-08-11 08:45:00+00:00
80586.140625,80606.4375,80578.59375,80604.109375,0,2025-08-11 09:45:00+00:00
80449.71875,80996.296875,80407.40625,80856.3828125,0,2025-08-12 03:45:00+00:00
80856.4609375,80918.921875,80422.5,80462.3671875,0,2025-08-12 04:45:00+00:00
80461.4609375,80608.9296875,80402.046875,80488.9375,0,2025-08-12 05:45:00+00:00
80490.09375,80765.578125,80481.4921875,80623.609375,0,2025-08-12 06:45:00+00:00
80623.8828125,80632.25,80394.8515625,80425.671875,0,2025-08-12 07:45:00+00:00
80424.1328125,80464.09375,80165.2109375,80242.4375,0,2025-08-12 08:45:00+00:00
80245.9921875,80245.9921875,80227.4375,80235.59375,0,2025-08-12 09:45:00+00:00
80525.046875,80563.3828125,80330.5078125,80445.078125,0,2025-08-13 03:45:00+00:00
80445.078125,80506.703125,80345.859375,80436.90625,0,2025-08-13 04:45:00+00:00
80438.1484375,80478.59375,80319.703125,80421.6796875,0,2025-08-13 05:45:00+00:00
80421.6796875,80601.203125,80392.921875,80545.09375,0,2025-08-13 06:45:00+00:00
80548.8671875,80680.9609375,80470.140625,80677.2265625,0,2025-08-13 07:45:00+00:00
80676.9375,80683.4921875,80512.6328125,80528.5625,0,2025-08-13 08:45:00+00:00
80546.7734375,80546.7890625,80532.546875,80539.8828125,0,2025-08-13 09:45:00+00:00
80497.203125,80740.9921875,80497.203125,80615.2109375,0,2025-08-14 03:45:00+00:00
80614.578125,80750.4765625,80600.5,80676.7109375,0,2025-08-14 04:45:00+00:00
80679.578125,80709.59375,80521.4765625,80613.5625,0,2025-08-14 05:45:00+00:00
80616.1328125,80717.8203125,80596.3671875,80674.8203125,0,2025-08-14 06:45:00+00:00
80676.0234375,80719.4375,80589.5625,80626.53125,0,2025-08-14 07:45:00+00:00
80625.0390625,80688.796875,80505.2265625,80597.25,0,2025-08-14 08:45:00+00:00
80595.2734375,80627.34375,80595.2734375,80597.953125,0,2025-08-14 09:45:00+00:00
81601.0234375,81765.7734375,81401.96875,81627.1171875,0,2025-08-18 03:45:00+00:00
81627.8203125,81671.9765625,81513.84375,81544.3203125,0,2025-08-18 04:45:00+00:00
81546.4921875,81602.53125,81263.9609375,81264.0625,0,2025-08-18 05:45:00+00:00
81264.03125,81531.4609375,81202.9765625,81507.46875,0,2025-08-18 06:45:00+00:00
81508.8515625,81532.59375,81344.2109375,81456.1796875,0,2025-08-18 07:45:00+00:00
81456.1796875,81491.3203125,81247.3828125,81252.578125,0,2025-08-18 08:45:00+00:00
81255.890625,81295.2890625,81255.890625,81273.75,0,2025-08-18 09:45:00+00:00
81318.25,81512.2734375,81318.25,81449.046875,0,2025-08-19 03:45:00+00:00
81451.5234375,81520.453125,81386.09375,81490.9921875,0,2025-08-19 04:45:00+00:00
81491.59375,81636.546875,81474.8828125,81625.4296875,0,2025-08-19 05:45:00+00:00
81625.4296875,81755.8828125,81620.84375,81656.8203125,0,2025-08-19 06:45:00+00:00
81657.640625,81714.0078125,81451.359375,81504.6015625,0,2025-08-19 07:45:00+00:00
81504.953125,81684.46875,81468.21875,81613.3828125,0,2025-08-19 08:45:00+00:00
81613.2421875,81644.34375,81613.2421875,81644.34375,0,2025-08-19 09:45:00+00:00
81612.2421875,81713.046875,81496.34375,81702.5390625,0,2025-08-20 03:45:00+00:00
81701.421875,81814.6015625,81676.078125,81807.8828125,0,2025-08-20 04:45:00+00:00
81812.421875,81862.53125,81743.8671875,81837.640625,0,2025-08-20 05:45:00+00:00
81841.2734375,81911.21875,81822.34375,81876.6328125,0,2025-08-20 06:45:00+00:00
81877.296875,81980.6328125,81807.3125,81937.2734375,0,2025-08-20 07:45:00+00:00
81937.6171875,81985.1015625,81854.703125,81865.2265625,0,2025-08-20 08:45:00+00:00
81865.78125,81887.1328125,81856.3984375,81857.84375,0,2025-08-20 09:45:00+00:00
82223.5625,82223.5625,81921.8828125,82130.140625,0,2025-08-21 03:45:00+00:00
82128.328125,82225.5703125,82113.1796875,82138.6796875,0,2025-08-21 04:45:00+00:00
82138.6796875,82174.65625,82062.4296875,82094.6328125,0,2025-08-21 05:45:00+00:00
82094.6328125,82170.7578125,82046.3984375,82139.5625,0,2025-08-21 06:45:00+00:00
82141.171875,82160.15625,82007.828125,82136.3125,0,2025-08-21 07:45:00+00:00
82134.7421875,82228.1171875,81972.2890625,81974.15625,0,2025-08-21 08:45:00+00:00
81980.953125,82024.5703125,81980.953125,82000.7109375,0,2025-08-21 09:45:00+00:00
81979.8203125,81979.8203125,81552.28125,81620.578125,0,2025-08-22 03:45:00+00:00
81620.7421875,81627.5234375,81401.0234375,81441.421875,0,2025-08-22 04:45:00+00:00
81441.953125,81598.390625,81394.8125,81488.046875,0,2025-08-22 05:45:00+00:00
81487.8203125,81513.6875,81446.84375,81473.5078125,0,2025-08-22 06:45:00+00:00
81473.28125,81587.5078125,81461.5,81481.5390625,0,2025-08-22 07:45:00+00:00
81479.9609375,81479.9609375,81295.2109375,81326.09375,0,2025-08-22 08:45:00+00:00
81322.3984375,81322.3984375,81306.546875,81306.859375,0,2025-08-22 09:45:00+00:00
81527.7421875,81638.3828125,81387.203125,81401.4609375,0,2025-08-25 03:45:00+00:00
81400.671875,81612.703125,81367.546875,81578.03125,0,2025-08-25 04:45:00+00:00
81577.65625,81665.71875,81543.8203125,81646.8515625,0,2025-08-25 05:45:00+00:00
81648.546875,81754.078125,81636.28125,81752.2421875,0,2025-08-25 06:45:00+00:00
81750.8125,81798.1484375,81688.1015625,81717.6796875,0,2025-08-25 07:45:00+00:00
81717.8984375,81785.0,81551.5703125,81607.7109375,0,2025-08-25 08:45:00+00:00
81601.15625,81637.5,81601.15625,81635.90625,0,2025-08-25 09:45:00+00:00
81289.59375,81441.8671875,80948.6015625,81051.4296875,0,2025-08-26 03:45:00+00:00
81054.9296875,81122.0234375,80940.671875,81081.78125,0,2025-08-26 04:45:00+00:00
81083.203125,81198.4375,81052.9765625,81073.6484375,0,2025-08-26 05:45:00+00:00
81073.171875,81136.4921875,80984.5078125,81094.296875,0,2025-08-26 06:45:00+00:00
81094.8125,81141.140625,80954.96875,80985.7421875,0,2025-08-26 07:45:00+00:00
80985.6328125,81066.859375,80691.1328125,80760.0703125,0,2025-08-26 08:45:00+00:00
80755.84375,80803.328125,80755.84375,80786.5390625,0,2025-08-26 09:45:00+00:00
80753.75,80753.75,80093.5234375,80318.890625,0,2025-08-28 03:45:00+00:00
80318.4375,80644.5234375,80233.59375,80565.34375,0,2025-08-28 04:45:00+00:00
80566.640625,80607.3671875,80401.6875,80461.03125,0,2025-08-28 05:45:00+00:00
80464.2890625,80465.2890625,80190.6015625,80240.0078125,0,2025-08-28 06:45:00+00:00
80235.0078125,80328.1796875,80152.5390625,80286.796875,0,2025-08-28 07:45:00+00:00
80286.796875,80350.078125,80016.0390625,80083.2734375,0,2025-08-28 08:45:00+00:00
80084.3515625,80084.3515625,80051.5234375,80080.3515625,0,2025-08-28 09:45:00+00:00
79965.5625,80275.203125,79965.5625,80010.9609375,0,2025-08-29 03:45:00+00:00
80010.203125,80288.4375,79999.3984375,80254.546875,0,2025-08-29 04:45:00+00:00
80256.140625,80310.6328125,80186.109375,80239.828125,0,2025-08-29 05:45:00+00:00
80239.828125,80250.9921875,80060.6484375,80067.2421875,0,2025-08-29 06:45:00+00:00
80066.3515625,80149.34375,80013.25,80113.1875,0,2025-08-29 07:45:00+00:00
80113.8828125,80248.9296875,79742.6328125,79754.390625,0,2025-08-29 08:45:00+00:00
79748.796875,79854.65625,79748.796875,79809.359375,0,2025-08-29 09:45:00+00:00
79854.078125,80233.21875,79854.078125,80108.890625,0,2025-09-01 03:45:00+00:00
80108.890625,80189.25,80039.890625,80171.0,0,2025-09-01 04:45:00+00:00
80171.0,80183.5078125,80060.453125,80147.46875,0,2025-09-01 05:45:00+00:00
80146.9375,80303.8515625,80135.3125,80299.2734375,0,2025-09-01 06:45:00+00:00
80299.2734375,80364.578125,80264.1484375,80362.78125,0,2025-09-01 07:45:00+00:00
80363.1796875,80406.84375,80292.21875,80368.4765625,0,2025-09-01 08:45:00+00:00
80366.5390625,80366.8125,80360.65625,80364.4921875,0,2025-09-01 09:45:00+00:00
80520.09375,80748.7734375,80416.171875,80685.65625,0,2025-09-02 03:45:00+00:00
80686.921875,80756.75,80629.8515625,80700.8515625,0,2025-09-02 04:45:00+00:00
80696.8203125,80710.609375,80638.1484375,80662.4296875,0,2025-09-02 05:45:00+00:00
80661.1875,80761.140625,80612.2734375,80654.796875,0,2025-09-02 06:45:00+00:00
80656.609375,80666.921875,80052.96875,80131.171875,0,2025-09-02 07:45:00+00:00
80129.5,80292.609375,80008.5,80194.640625,0,2025-09-02 08:45:00+00:00
80197.6328125,80197.6328125,80157.828125,80157.828125,0,2025-09-02 09:45:00+00:00
80268.75,80294.7109375,80004.6015625,80231.9765625,0,2025-09-03 03:45:00+00:00
80231.8671875,80236.640625,80048.0625,80135.65625,0,2025-09-03 04:45:00+00:00
80136.2109375,80291.4609375,80038.1171875,80276.703125,0,2025-09-03 05:45:00+00:00
80277.6484375,80344.9765625,80146.3125,80190.1171875,0,2025-09-03 06:45:00+00:00
80190.1171875,80430.7578125,80173.1328125,80384.359375,0,2025-09-03 07:45:00+00:00
80384.75,80668.40625,80380.203125,80627.5390625,0,2025-09-03 08:45:00+00:00
80617.84375,80617.84375,80549.703125,80567.7265625,0,2025-09-03 09:45:00+00:00
81439.0390625,81439.0390625,80974.2890625,80974.2890625,0,2025-09-04 03:45:00+00:00
80969.9765625,81119.7265625,80882.609375,80944.3984375,0,2025-09-04 04:45:00+00:00
80944.3984375,81021.2109375,80851.4375,80906.21875,0,2025-09-04 05:45:00+00:00
80906.9765625,81044.28125,80790.5234375,80983.8203125,0,2025-09-04 06:45:00+00:00
80985.1484375,81007.03125,80795.2109375,80824.1484375,0,2025-09-04 07:45:00+00:00
80820.6796875,80852.359375,80625.0234375,80675.6328125,0,2025-09-04 08:45:00+00:00
80680.2109375,80722.9921875,80680.2109375,80717.9765625,0,2025-09-04 09:45:00+00:00
81025.046875,81032.5625,80485.1015625,80496.4765625,0,2025-09-05 03:45:00+00:00
80496.359375,80667.1796875,80341.8515625,80528.3984375,0,2025-09-05 04:45:00+00:00
80527.796875,80584.390625,80424.3125,80424.3125,0,2025-09-05 05:45:00+00:00
80423.5390625,80478.609375,80321.1875,80468.359375,0,2025-09-05 06:45:00+00:00
80468.359375,80858.9609375,80459.53125,80735.609375,0,2025-09-05 07:45:00+00:00
80737.59375,80799.5,80657.1875,80710.28125,0,2025-09-05 08:45:00+00:00
80704.6875,80722.796875,80704.6875,80710.7890625,0,2025-09-05 09:45:00+00:00
80902.53125,81047.46875,80788.0,80863.3125,0,2025-09-08 03:45:00+00:00
80862.5,80918.2734375,80766.140625,80893.3984375,0,2025-09-08 04:45:00+00:00
80894.3125,80997.3984375,80869.2734375,80982.390625,0,2025-09-08 05:45:00+00:00
80979.2265625,81125.203125,80932.3125,81105.5625,0,2025-09-08 06:45:00+00:00
81105.859375,81127.9296875,80977.140625,81060.3125,0,2025-09-08 07:45:00+00:00
81060.6484375,81170.359375,80733.78125,80796.3125,0,2025-09-08 08:45:00+00:00
80796.0390625,80798.9296875,80786.0703125,80787.3671875,0,2025-09-08 09:45:00+00:00
81137.0703125,81161.890625,80971.5625,80971.84375,0,2025-09-09 03:45:00+00:00
80972.0,81028.171875,80928.9609375,81011.2265625,0,2025-09-09 04:45:00+00:00
81011.203125,81045.7109375,80927.96875,81023.1328125,0,2025-09-09 05:45:00+00:00
81020.2578125,81108.3203125,81004.296875,81070.5234375,0,2025-09-09 06:45:00+00:00
81069.671875,81152.28125,81055.8671875,81152.2109375,0,2025-09-09 07:45:00+00:00
81151.1875,81181.3671875,80985.9921875,81100.5625,0,2025-09-09 08:45:00+00:00
81100.1875,81102.6875,81090.1484375,81101.3203125,0,2025-09-09 09:45:00+00:00
81504.359375,81593.078125,81379.1875,81519.5078125,0,2025-09-10 03:45:00+00:00
81519.359375,81642.9296875,81485.4765625,81571.53125,0,2025-09-10 04:45:00+00:00
81576.4921875,81580.5703125,81411.2109375,81475.96875,0,2025-09-10 05:45:00+00:00
81475.8671875,81513.7578125,81384.5,81406.890625,0,2025-09-10 06:45:00+00:00
81406.5703125,81466.28125,81326.2109375,81418.859375,0,2025-09-10 07:45:00+00:00
81418.6015625,81442.7109375,81237.109375,81436.6484375,0,2025-09-10 08:45:00+00:00
81437.203125,81437.203125,81386.1484375,81425.0390625,0,2025-09-10 09:45:00+00:00
81292.1796875,81583.4921875,81292.1796875,81385.7265625,0,2025-09-11 03:45:00+00:00
81386.03125,81497.2734375,81384.5625,81469.828125,0,2025-09-11 04:45:00+00:00
81470.421875,81489.8203125,81367.828125,81485.6796875,0,2025-09-11 05:45:00+00:00
81483.109375,81594.3828125,81454.1875,81566.1484375,0,2025-09-11 06:45:00+00:00
81566.1484375,81641.7109375,81508.859375,81568.7734375,0,2025-09-11 07:45:00+00:00
81568.6484375,81618.5390625,81469.71875,81550.8984375,0,2025-09-11 08:45:00+00:00
81551.453125,81553.046875,81548.1015625,81548.703125,0,2025-09-11 09:45:00+00:00
81742.03125,81827.609375,81644.40625,81771.2421875,0,2025-09-12 03:45:00+00:00
81771.8828125,81875.7421875,81735.8515625,81861.5625,0,2025-09-12 04:45:00+00:00
81861.90625,81992.078125,81846.1796875,81934.8125,0,2025-09-12 05:45:00+00:00
81935.03125,81960.171875,81882.8671875,81929.7578125,0,2025-09-12 06:45:00+00:00
81930.1484375,81952.703125,81869.15625,81916.1875,0,2025-09-12 07:45:00+00:00
81918.8671875,81929.0,81865.1875,81920.359375,0,2025-09-12 08:45:00+00:00
81918.2265625,81918.2265625,81903.421875,81904.703125,0,2025-09-12 09:45:00+00:00
81922.03125,81993.921875,81822.3828125,81862.2890625,0,2025-09-15 03:45:00+00:00
81861.59375,81904.8125,81781.40625,81814.96875,0,2025-09-15 04:45:00+00:00
81814.96875,81958.4609375,81783.1015625,81910.171875,0,2025-09-15 05:45:00+00:00
81910.171875,81944.7265625,81857.25,81900.6796875,0,2025-09-15 06:45:00+00:00
81900.09375,81933.9921875,81744.703125,81805.171875,0,2025-09-15 07:45:00+00:00
81805.7734375,81932.40625,81775.46875,81782.2578125,0,2025-09-15 08:45:00+00:00
81784.71875,81808.1015625,81784.71875,81785.6875,0,2025-09-15 09:45:00+00:00
81809.046875,82168.3203125,81809.046875,82111.8828125,0,2025-09-16 03:45:00+00:00
82111.6015625,82148.90625,82069.8671875,82111.0,0,2025-09-16 04:45:00+00:00
82102.578125,82164.5625,82098.5703125,82131.859375,0,2025-09-16 05:45:00+00:00
82169.1328125,82189.796875,82088.7578125,82174.6328125,0,2025-09-16 07:45:00+00:00
82170.3671875,82421.78125,82156.5234375,82407.8828125,0,2025-09-16 08:45:00+00:00
82357.8828125,82380.7890625,82357.8828125,82380.6875,0,2025-09-16 09:45:00+00:00
82506.3984375,82720.46875,82506.21875,82609.2734375,0,2025-09-17 03:45:00+00:00
82606.2890625,82700.3515625,82576.3125,82691.796875,0,2025-09-17 04:45:00+00:00
82692.9765625,82708.296875,82638.7421875,82679.109375,0,2025-09-17 05:45:00+00:00
82678.7734375,82741.578125,82637.546875,82704.0625,0,2025-09-17 06:45:00+00:00
82706.3515625,82741.953125,82577.359375,82604.8125,0,2025-09-17 07:45:00+00:00
82608.9375,82737.90625,82542.09375,82697.328125,0,2025-09-17 08:45:00+00:00
82698.4921875,82702.1171875,82690.9296875,82693.7109375,0,2025-09-17 09:45:00+00:00
83122.078125,83122.078125,82928.453125,82985.0234375,0,2025-09-18 03:45:00+00:00
82983.8671875,83088.8203125,82964.9609375,83026.4375,0,2025-09-18 04:45:00+00:00
83021.6328125,83081.3515625,82972.671875,82984.671875,0,2025-09-18 05:45:00+00:00
82983.578125,83043.90625,82771.3984375,82831.578125,0,2025-09-18 06:45:00+00:00
82832.203125,82918.6875,82736.6171875,82808.828125,0,2025-09-18 07:45:00+00:00
82809.109375,83078.921875,82704.921875,82995.9921875,0,2025-09-18 08:45:00+00:00
82996.2734375,83014.2265625,82996.2734375,83013.9296875,0,2025-09-18 09:45:00+00:00
82955.1171875,82968.4609375,82575.796875,82646.8671875,0,2025-09-19 03:45:00+00:00
82652.046875,82727.578125,82557.546875,82586.28125,0,2025-09-19 04:45:00+00:00
82585.6875,82657.3515625,82486.3125,82567.2265625,0,2025-09-19 05:45:00+00:00
82568.640625,82646.640625,82500.953125,82641.0625,0,2025-09-19 06:45:00+00:00
82641.203125,82735.4765625,82630.96875,82720.0,0,2025-09-19 07:45:00+00:00
82720.359375,82744.0078125,82555.859375,82592.5234375,0,2025-09-19 08:45:00+00:00
82596.609375,82626.0390625,82596.609375,82626.0390625,0,2025-09-19 09:45:00+00:00
82175.9296875,82583.15625,82175.9296875,82504.203125,0,2025-09-22 03:45:00+00:00
82503.3203125,82549.21875,82434.71875,82445.5234375,0,2025-09-22 04:45:00+00:00
82447.34375,82473.2890625,82371.0703125,82421.421875,0,2025-09-22 05:45:00+00:00
82423.96875,82517.7421875,82402.5078125,82476.4765625,0,2025-09-22 06:45:00+00:00
82477.2734375,82486.703125,82302.703125,82372.6328125,0,2025-09-22 07:45:00+00:00
82371.1484375,82402.84375,81998.5703125,82134.9296875,0,2025-09-22 08:45:00+00:00
82133.5703125,82160.8125,82133.5703125,82160.140625,0,2025-09-22 09:45:00+00:00
82154.78125,82305.1171875,81881.34375,82009.2734375,0,2025-09-23 03:45:00+00:00
82010.671875,82025.53125,81822.0703125,81829.0,0,2025-09-23 04:45:00+00:00
81829.1875,81971.28125,81778.0234375,81971.28125,0,2025-09-23 05:45:00+00:00
81972.0703125,82245.0625,81947.6328125,82155.453125,0,2025-09-23 06:45:00+00:00
82154.9375,82366.296875,82136.3828125,82192.5390625,0,2025-09-23 07:45:00+00:00
82188.25,82301.5078125,82042.1171875,82124.3125,0,2025-09-23 08:45:00+00:00
82116.546875,82116.546875,82094.609375,82101.796875,0,2025-09-23 09:45:00+00:00
81991.25,82002.28125,81702.8515625,81828.8515625,0,2025-09-24 03:45:00+00:00
81831.96875,81901.8203125,81608.53125,81698.15625,0,2025-09-24 04:45:00+00:00
81696.640625,81825.1484375,81664.6796875,81825.1484375,0,2025-09-24 05:45:00+00:00
81824.7109375,81948.1015625,81778.828125,81947.0078125,0,2025-09-24 06:45:00+00:00
81948.53125,81976.8828125,81813.7421875,81826.3828125,0,2025-09-24 07:45:00+00:00
81825.90625,81870.4921875,81632.4609375,81735.921875,0,2025-09-24 08:45:00+00:00
81737.4921875,81737.4921875,81705.0078125,81715.640625,0,2025-09-24 09:45:00+00:00
81600.4765625,81840.6328125,81496.8203125,81616.6484375,0,2025-09-25 03:45:00+00:00
81614.40625,81672.4765625,81517.0390625,81581.15625,0,2025-09-25 04:45:00+00:00
81582.03125,81658.5625,81407.9921875,81489.1875,0,2025-09-25 05:45:00+00:00
81488.421875,81598.1796875,81392.953125,81542.4609375,0,2025-09-25 06:45:00+00:00
81541.8671875,81554.4296875,81358.9609375,81435.953125,0,2025-09-25 07:45:00+00:00
81417.390625,81479.828125,81092.890625,81134.890625,0,2025-09-25 08:45:00+00:00
81133.796875,81167.0234375,81133.796875,81159.6875,0,2025-09-25 09:45:00+00:00
80956.640625,81030.0078125,80708.34375,80783.578125,0,2025-09-26 03:45:00+00:00
80780.6171875,80891.90625,80748.8984375,80775.96875,0,2025-09-26 04:45:00+00:00
80774.4765625,80811.140625,80696.3125,80769.6171875,0,2025-09-26 05:45:00+00:00
80771.4375,80874.4609375,80742.1171875,80763.0078125,0,2025-09-26 06:45:00+00:00
80760.25,80764.5703125,80360.453125,80439.5234375,0,2025-09-26 07:45:00+00:00
80439.90625,80472.609375,80332.5234375,80389.8828125,0,2025-09-26 08:45:00+00:00
80390.921875,80425.84375,80390.921875,80425.84375,0,2025-09-26 09:45:00+00:00
80676.578125,80767.5390625,80452.25,80751.5078125,0,2025-09-29 03:45:00+00:00
80750.453125,80851.3671875,80639.28125,80688.6796875,0,2025-09-29 04:45:00+00:00
80688.5390625,80691.390625,80341.7421875,80362.25,0,2025-09-29 05:45:00+00:00
80365.109375,80510.0390625,80248.9921875,80510.0390625,0,2025-09-29 06:45:00+00:00
80509.9609375,80669.671875,80412.0390625,80620.2265625,0,2025-09-29 07:45:00+00:00
80622.46875,80693.7421875,80301.8671875,80400.5390625,0,2025-09-29 08:45:00+00:00
80402.390625,80402.390625,80343.421875,80364.8125,0,2025-09-29 09:45:00+00:00
80643.4609375,80676.5625,80328.078125,80328.078125,0,2025-09-30 03:45:00+00:00
80329.0234375,80466.578125,80201.1484375,80451.453125,0,2025-09-30 04:45:00+00:00
80451.1015625,80484.59375,80299.84375,80364.2265625,0,2025-09-30 05:45:00+00:00
80364.78125,80495.5234375,80358.5078125,80443.8828125,0,2025-09-30 06:45:00+00:00
80447.09375,80499.65625,80242.2109375,80318.7578125,0,2025-09-30 07:45:00+00:00
80319.0625,80402.3984375,80214.796875,80278.8984375,0,2025-09-30 08:45:00+00:00
80279.21875,80279.21875,80261.6171875,80266.96875,0,2025-09-30 09:45:00+00:00
80165.1796875,80524.9375,80165.1796875,80434.6328125,0,2025-10-01 03:45:00+00:00
80428.4375,80622.7578125,80384.46875,80613.609375,0,2025-10-01 04:45:00+00:00
80614.03125,80954.1484375,80614.03125,80912.3671875,0,2025-10-01 05:45:00+00:00
80912.3671875,80931.5078125,80720.859375,80793.953125,0,2025-10-01 06:45:00+00:00
80797.3828125,80897.8515625,80743.1328125,80859.109375,0,2025-10-01 07:45:00+00:00
80858.7734375,81068.2421875,80801.65625,80919.8125,0,2025-10-01 08:45:00+00:00
80912.09375,80983.5,80912.09375,80983.3125,0,2025-10-01 09:45:00+00:00
80710.46875,81018.5078125,80710.46875,80908.15625,0,2025-10-03 03:45:00+00:00
80907.3828125,80988.5234375,80806.1875,80948.1171875,0,2025-10-03 04:45:00+00:00
80948.7890625,81056.1171875,80936.9296875,81026.8203125,0,2025-10-03 05:45:00+00:00
81026.7578125,81045.2265625,80885.6875,81036.8203125,0,2025-10-03 06:45:00+00:00
81032.75,81046.2265625,80940.1484375,80940.1484375,0,2025-10-03 07:45:00+00:00
80940.1484375,81251.953125,80919.8828125,81203.5390625,0,2025-10-03 08:45:00+00:00
81201.1875,81211.5234375,81192.6015625,81207.1328125,0,2025-10-03 09:45:00+00:00
81300.203125,81471.296875,81158.25,81464.5234375,0,2025-10-06 03:45:00+00:00
81464.9765625,81606.2421875,81432.9375,81606.2421875,0,2025-10-06 04:45:00+00:00
81605.4609375,81637.53125,81509.3125,81597.546875,0,2025-10-06 05:45:00+00:00
81598.7578125,81770.9296875,81558.8125,81761.5078125,0,2025-10-06 06:45:00+00:00
81761.7578125,81846.421875,81653.78125,81761.671875,0,2025-10-06 07:45:00+00:00
81758.8125,81844.2890625,81668.4375,81782.0,0,2025-10-06 08:45:00+00:00
81782.46875,81802.703125,81782.46875,81790.03125,0,2025-10-06 09:45:00+00:00
81879.4921875,82211.7734375,81787.4765625,82145.640625,0,2025-10-07 03:45:00+00:00
82145.640625,82176.6484375,82036.6875,82062.671875,0,2025-10-07 04:45:00+00:00
82063.3203125,82160.2265625,81897.0078125,82091.796875,0,2025-10-07 05:45:00+00:00
82090.953125,82208.25,82043.328125,82190.46875,0,2025-10-07 06:45:00+00:00
82189.4375,82298.453125,82124.84375,82298.453125,0,2025-10-07 07:45:00+00:00
82297.7109375,82309.5625,81851.1328125,81855.140625,0,2025-10-07 08:45:00+00:00
81861.453125,81952.8984375,81861.453125,81927.40625,0,2025-10-07 09:45:00+00:00
81895.9375,82252.0234375,81863.703125,82106.796875,0,2025-10-08 03:45:00+00:00
82106.890625,82106.890625,81747.6171875,81751.21875,0,2025-10-08 04:45:00+00:00
81746.8984375,81846.84375,81681.59375,81778.4765625,0,2025-10-08 05:45:00+00:00
81781.71875,81964.7578125,81647.046875,81942.90625,0,2025-10-08 06:45:00+00:00
81940.3203125,82060.3125,81809.4296875,81848.6796875,0,2025-10-08 07:45:00+00:00
81849.578125,81909.0,81730.75,81744.953125,0,2025-10-08 08:45:00+00:00
81738.609375,81791.5234375,81738.609375,81773.921875,0,2025-10-08 09:45:00+00:00
81863.671875,82009.140625,81667.796875,81698.0,0,2025-10-09 03:45:00+00:00
81696.6171875,82085.8828125,81679.578125,82070.7109375,0,2025-10-09 04:45:00+00:00
82069.1171875,82159.828125,81972.953125,82015.53125,0,2025-10-09 05:45:00+00:00
82015.53125,82080.9296875,81951.9609375,81988.1015625,0,2025-10-09 06:45:00+00:00
81989.3828125,82155.953125,81974.4609375,82042.2578125,0,2025-10-09 07:45:00+00:00
82039.8203125,82239.1484375,81948.0234375,82136.34375,0,2025-10-09 08:45:00+00:00
82135.890625,82175.8671875,82135.890625,82171.9765625,0,2025-10-09 09:45:00+00:00
82075.453125,82551.65625,82075.453125,82453.078125,0,2025-10-10 03:45:00+00:00
82451.15625,82589.921875,82437.46875,82584.8984375,0,2025-10-10 04:45:00+00:00
82586.53125,82616.1875,82453.6171875,82483.6875,0,2025-10-10 05:45:00+00:00
82487.8203125,82626.9765625,82451.4609375,82565.4609375,0,2025-10-10 06:45:00+00:00
82565.359375,82653.59375,82494.9609375,82584.0703125,0,2025-10-10 07:45:00+00:00
82585.15625,82607.34375,82439.4921875,82493.328125,0,2025-10-10 08:45:00+00:00
82488.7109375,82525.7578125,82488.7109375,82501.28125,0,2025-10-10 09:45:00+00:00
82060.84375,82329.1484375,82043.2265625,82191.203125,0,2025-10-13 03:45:00+00:00
82186.59375,82302.4296875,82126.3828125,82205.25,0,2025-10-13 04:45:00+00:00
82207.0,82236.078125,82106.140625,82197.203125,0,2025-10-13 05:45:00+00:00
82198.0,82262.859375,82136.78125,82257.5390625,0,2025-10-13 06:45:00+00:00
82256.0390625,82312.109375,82144.921875,82261.671875,0,2025-10-13 07:45:00+00:00
82264.3984375,82437.359375,82217.9375,82292.0,0,2025-10-13 08:45:00+00:00
82289.1484375,82327.4765625,82289.1484375,82326.9375,0,2025-10-13 09:45:00+00:00
82421.609375,82569.7578125,82108.7578125,82182.4921875,0,2025-10-14 03:45:00+00:00
82179.7578125,82350.140625,82083.8828125,82159.171875,0,2025-10-14 04:45:00+00:00
82160.1171875,82160.1171875,81905.7734375,81956.53125,0,2025-10-14 05:45:00+00:00
81958.8828125,82001.640625,81782.2734375,81830.328125,0,2025-10-14 06:45:00+00:00
81830.34375,82030.25,81826.3984375,81959.9765625,0,2025-10-14 07:45:00+00:00
81960.2421875,82208.75,81900.9921875,82041.6015625,0,2025-10-14 08:45:00+00:00
82041.7109375,82079.828125,82029.9765625,82029.9765625,0,2025-10-14 09:45:00+00:00
82189.34375,82411.75,82097.0078125,82334.8515625,0,2025-10-15 03:45:00+00:00
82337.5234375,82595.796875,82324.59375,82462.390625,0,2025-10-15 04:45:00+00:00
82462.078125,82577.953125,82456.0078125,82478.578125,0,2025-10-15 05:45:00+00:00
82477.7734375,82649.9296875,82417.9921875,82594.2578125,0,2025-10-15 06:45:00+00:00
82589.140625,82727.0234375,82558.4765625,82606.2890625,0,2025-10-15 07:45:00+00:00
82606.2890625,82630.4765625,82469.421875,82614.2734375,0,2025-10-15 08:45:00+00:00
82607.8671875,82607.8671875,82569.1796875,82604.7890625,0,2025-10-15 09:45:00+00:00
82794.7890625,83060.84375,82794.7890625,82976.0390625,0,2025-10-16 03:45:00+00:00
82977.6484375,83127.6171875,82934.8125,83061.7734375,0,2025-10-16 04:45:00+00:00
83063.7109375,83106.859375,82991.0234375,83100.5390625,0,2025-10-16 05:45:00+00:00
83100.8125,83261.3984375,83093.34375,83249.3125,0,2025-10-16 06:45:00+00:00
83249.15625,83441.203125,83186.71875,83371.8203125,0,2025-10-16 07:45:00+00:00
83373.7421875,83613.5078125,83362.578125,83373.171875,0,2025-10-16 08:45:00+00:00
83488.359375,83488.359375,83468.6875,83468.6875,0,2025-10-16 09:45:00+00:00
83334.328125,83812.609375,83255.703125,83799.0625,0,2025-10-17 03:45:00+00:00
83799.34375,84097.359375,83769.6328125,84078.2578125,0,2025-10-17 04:45:00+00:00
84069.9609375,84162.2265625,83934.40625,84105.703125,0,2025-10-17 05:45:00+00:00
84106.046875,84172.2421875,83754.2265625,83793.3984375,0,2025-10-17 06:45:00+00:00
83793.578125,83971.96875,83621.578125,83851.6328125,0,2025-10-17 07:45:00+00:00
83850.9921875,84095.03125,83797.453125,83937.65625,0,2025-10-17 08:45:00+00:00
83959.65625,83963.2421875,83952.15625,83952.53125,0,2025-10-17 09:45:00+00:00
84302.9765625,84653.6015625,84240.25,84460.203125,0,2025-10-20 03:45:00+00:00
84462.0078125,84556.5,84340.859375,84473.4921875,0,2025-10-20 04:45:00+00:00
84482.5390625,84504.65625,84333.71875,84414.6796875,0,2025-10-20 05:45:00+00:00
84413.28125,84575.2421875,84343.6015625,84556.4296875,0,2025-10-20 06:45:00+00:00
84554.7734375,84558.5,84348.8515625,84410.7578125,0,2025-10-20 07:45:00+00:00
84404.8671875,84487.1484375,84197.2890625,84362.15625,0,2025-10-20 08:45:00+00:00
84348.09375,84364.8984375,84334.7421875,84363.3671875,0,2025-10-20 09:45:00+00:00
84484.671875,84660.453125,84436.671875,84543.1171875,0,2025-10-21 07:45:00+00:00
84542.3125,84574.8125,84289.5078125,84426.34375,0,2025-10-21 08:45:00+00:00
85126.9375,85271.671875,84869.7734375,85267.2109375,0,2025-10-23 03:45:00+00:00
85268.140625,85268.140625,85035.4765625,85080.46875,0,2025-10-23 04:45:00+00:00
85081.34375,85199.671875,85044.7265625,85178.0625,0,2025-10-23 05:45:00+00:00
85175.9609375,85288.09375,85036.9921875,85104.578125,0,2025-10-23 06:45:00+00:00
85104.6015625,85195.9765625,84739.859375,84767.5625,0,2025-10-23 07:45:00+00:00
84767.2734375,84900.25,84446.2421875,84474.8671875,0,2025-10-23 08:45:00+00:00
84469.34375,84566.53125,84469.34375,84556.3984375,0,2025-10-23 09:45:00+00:00
84666.78125,84673.5703125,84394.1875,84491.609375,0,2025-10-24 03:45:00+00:00
84489.84375,84494.2421875,84245.6875,84342.0234375,0,2025-10-24 04:45:00+00:00
84341.7421875,84440.171875,84202.0,84432.5078125,0,2025-10-24 05:45:00+00:00
84432.109375,84492.2421875,84254.40625,84330.5625,0,2025-10-24 06:45:00+00:00
84328.5390625,84347.1328125,83959.1015625,84106.7890625,0,2025-10-24 07:45:00+00:00
84106.7421875,84276.046875,84028.453125,84243.78125,0,2025-10-24 08:45:00+00:00
84242.890625,84242.890625,84194.3125,84212.078125,0,2025-10-24 09:45:00+00:00
84297.390625,84809.453125,84296.328125,84774.15625,0,2025-10-27 03:45:00+00:00
84775.5703125,84849.75,84735.46875,84834.546875,0,2025-10-27 04:45:00+00:00
84834.6875,84932.078125,84719.109375,84886.34375,0,2025-10-27 05:45:00+00:00
84885.53125,84915.6015625,84739.671875,84776.6484375,0,2025-10-27 06:45:00+00:00
84776.6484375,84778.28125,84604.8515625,84667.1796875,0,2025-10-27 07:45:00+00:00
84658.5,84849.7578125,84635.328125,84764.03125,0,2025-10-27 08:45:00+00:00
84764.3828125,84778.96875,84756.828125,84778.953125,0,2025-10-27 09:45:00+00:00
84661.5,84986.9375,84473.2421875,84562.3671875,0,2025-10-28 03:45:00+00:00
84562.953125,84567.6328125,84297.90625,84353.1328125,0,2025-10-28 04:45:00+00:00
84352.8203125,84485.03125,84227.8515625,84324.9765625,0,2025-10-28 05:45:00+00:00
84319.5625,84651.5390625,84273.4765625,84597.78125,0,2025-10-28 06:45:00+00:00
84597.90625,84694.2734375,84325.328125,84415.34375,0,2025-10-28 07:45:00+00:00
84416.4375,84663.921875,84219.6328125,84655.0625,0,2025-10-28 08:45:00+00:00
84655.0625,84655.0625,84567.453125,84627.9765625,0,2025-10-28 09:45:00+00:00
84714.2734375,84914.140625,84639.2109375,84779.6171875,0,2025-10-29 03:45:00+00:00
84778.7421875,85001.9609375,84740.2421875,84853.2734375,0,2025-10-29 04:45:00+00:00
84852.7421875,84996.7890625,84802.96875,84976.328125,0,2025-10-29 05:45:00+00:00
84974.3125,85047.0078125,84927.5625,85037.3125,0,2025-10-29 06:45:00+00:00
85035.8203125,85102.078125,84943.7421875,84978.890625,0,2025-10-29 07:45:00+00:00
84978.3984375,85077.3125,84873.6328125,84959.8515625,0,2025-10-29 08:45:00+00:00
84963.46875,84997.2265625,84960.890625,84997.1328125,0,2025-10-29 09:45:00+00:00
84772.7578125,84906.59375,84467.2890625,84723.5,0,2025-10-30 03:45:00+00:00
84723.1875,84728.546875,84523.0,84667.0390625,0,2025-10-30 04:45:00+00:00
84669.953125,84749.390625,84492.5703125,84552.0078125,0,2025-10-30 05:45:00+00:00
84551.09375,84592.1796875,84477.0,84566.9296875,0,2025-10-30 06:45:00+00:00
84567.15625,84617.21875,84384.390625,84470.7578125,0,2025-10-30 07:45:00+00:00
84470.2109375,84535.7109375,84312.6484375,84371.5625,0,2025-10-30 08:45:00+00:00
84372.859375,84404.4609375,84372.859375,84404.4609375,0,2025-10-30 09:45:00+00:00
84383.8828125,84711.109375,84259.078125,84440.2890625,0,2025-10-31 03:45:00+00:00
84440.2890625,84440.2890625,84045.7734375,84080.4765625,0,2025-10-31 04:45:00+00:00
84081.6484375,84292.40625,84060.6484375,84171.1875,0,2025-10-31 05:45:00+00:00
84173.328125,84234.1015625,84110.2578125,84189.453125,0,2025-10-31 06:45:00+00:00
84189.5234375,84216.140625,84022.6484375,84102.25,0,2025-10-31 07:45:00+00:00
84101.546875,84137.9296875,83905.7890625,83917.7421875,0,2025-10-31 08:45:00+00:00
83917.3671875,83947.3125,83917.3671875,83938.0703125,0,2025-10-31 09:45:00+00:00
83829.140625,84005.703125,83612.203125,83828.5703125,0,2025-11-03 03:45:00+00:00
83826.6015625,84051.8203125,83772.21875,83986.84375,0,2025-11-03 04:45:00+00:00
83987.9609375,84018.1484375,83804.6328125,83804.671875,0,2025-11-03 05:45:00+00:00
83804.3671875,83965.3671875,83772.5,83938.6875,0,2025-11-03 06:45:00+00:00
83937.3515625,84038.0625,83876.71875,84023.03125,0,2025-11-03 07:45:00+00:00
84020.9765625,84124.390625,83885.921875,83993.1328125,0,2025-11-03 08:45:00+00:00
83994.5234375,83994.5234375,83958.296875,83978.5,0,2025-11-03 09:45:00+00:00
84012.890625,84066.703125,83753.03125,83799.578125,0,2025-11-04 03:45:00+00:00
83799.578125,83898.2890625,83711.890625,83765.7421875,0,2025-11-04 04:45:00+00:00
83765.7421875,83783.546875,83653.65625,83742.8984375,0,2025-11-04 05:45:00+00:00
83744.1328125,83781.5078125,83658.3828125,83682.53125,0,2025-11-04 06:45:00+00:00
83682.0078125,83748.1328125,83514.9921875,83529.46875,0,2025-11-04 07:45:00+00:00
83529.65625,83599.671875,83448.109375,83491.671875,0,2025-11-04 08:45:00+00:00
83489.78125,83489.78125,83459.109375,83459.109375,0,2025-11-04 09:45:00+00:00
83555.84375,83844.46875,83386.0390625,83422.3515625,0,2025-11-06 03:45:00+00:00
83420.078125,83534.453125,83358.2421875,83465.2890625,0,2025-11-06 04:45:00+00:00
83466.9296875,83526.6796875,83374.0234375,83448.171875,0,2025-11-06 05:45:00+00:00
83445.640625,83660.03125,83380.8203125,83554.0625,0,2025-11-06 06:45:00+00:00
83554.0625,83616.6484375,83331.828125,83450.25,0,2025-11-06 07:45:00+00:00
83451.9296875,83479.0078125,83240.0625,83313.859375,0,2025-11-06 08:45:00+00:00
83322.34375,83324.25,83308.2578125,83310.96875,0,2025-11-06 09:45:00+00:00
83148.7578125,83148.7578125,82672.3125,82762.75,0,2025-11-07 03:45:00+00:00
82763.5625,82965.1796875,82728.2578125,82958.9375,0,2025-11-07 04:45:00+00:00
82959.421875,83161.2890625,82948.4609375,83099.578125,0,2025-11-07 05:45:00+00:00
83096.7265625,83238.609375,83082.3203125,83184.109375,0,2025-11-07 06:45:00+00:00
83182.9375,83390.109375,83069.703125,83155.1875,0,2025-11-07 07:45:00+00:00
83154.5234375,83373.109375,83144.328125,83175.4921875,0,2025-11-07 08:45:00+00:00
83183.921875,83217.9921875,83177.859375,83216.28125,0,2025-11-07 09:45:00+00:00
83251.1328125,83552.8671875,83240.6328125,83496.7421875,0,2025-11-10 03:45:00+00:00
83498.640625,83675.359375,83496.1796875,83659.6875,0,2025-11-10 04:45:00+00:00
83660.421875,83736.53125,83618.9765625,83652.828125,0,2025-11-10 05:45:00+00:00
83652.828125,83754.4921875,83605.703125,83679.6015625,0,2025-11-10 06:45:00+00:00
83676.203125,83716.4296875,83517.1328125,83639.640625,0,2025-11-10 07:45:00+00:00
83643.0234375,83737.0390625,83481.40625,83484.796875,0,2025-11-10 08:45:00+00:00
83483.578125,83554.7890625,83483.578125,83535.3515625,0,2025-11-10 09:45:00+00:00
83623.5390625,83715.40625,83249.7890625,83301.859375,0,2025-11-11 03:45:00+00:00
83299.6171875,83319.640625,83124.03125,83218.921875,0,2025-11-11 04:45:00+00:00
83218.8984375,83434.578125,83175.4375,83382.53125,0,2025-11-11 05:45:00+00:00
83380.7734375,83549.03125,83374.171875,83543.203125,0,2025-11-11 06:45:00+00:00
83543.796875,83803.0234375,83542.4296875,83693.1796875,0,2025-11-11 07:45:00+00:00
83691.4921875,83884.2734375,83688.2578125,83860.4375,0,2025-11-11 08:45:00+00:00
83856.640625,83871.3828125,83841.2109375,83871.3203125,0,2025-11-11 09:45:00+00:00
84297.7734375,84462.171875,84168.703125,84363.71875,0,2025-11-12 03:45:00+00:00
84367.078125,84510.8984375,84299.2578125,84510.8984375,0,2025-11-12 04:45:00+00:00
84512.046875,84574.7109375,84484.84375,84504.1875,0,2025-11-12 05:45:00+00:00
84504.8203125,84644.2421875,84493.28125,84634.15625,0,2025-11-12 06:45:00+00:00
84625.8515625,84650.828125,84474.046875,84517.15625,0,2025-11-12 07:45:00+00:00
84517.96875,84570.5703125,84450.8984375,84504.0,0,2025-11-12 08:45:00+00:00
84504.1171875,84533.640625,84466.640625,84466.640625,0,2025-11-12 09:45:00+00:00
84516.15625,84569.1171875,84254.3984375,84551.796875,0,2025-11-13 03:45:00+00:00
84552.453125,84802.3671875,84536.203125,84762.046875,0,2025-11-13 04:45:00+00:00
84762.2734375,84825.796875,84727.8203125,84793.3515625,0,2025-11-13 05:45:00+00:00
84791.671875,84838.6171875,84674.4375,84803.21875,0,2025-11-13 06:45:00+00:00
84801.4921875,84919.4296875,84461.390625,84533.1875,0,2025-11-13 07:45:00+00:00
84533.0625,84685.3828125,84409.8984375,84491.0234375,0,2025-11-13 08:45:00+00:00
84491.6875,84491.6875,84469.609375,84478.671875,0,2025-11-13 09:45:00+00:00
84157.2265625,84464.9375,84104.328125,84158.0,0,2025-11-14 03:45:00+00:00
84157.0390625,84416.296875,84060.453125,84387.6171875,0,2025-11-14 04:45:00+00:00
84387.6171875,84406.3984375,84164.5625,84297.96875,0,2025-11-14 05:45:00+00:00
84297.96875,84344.7734375,84162.0078125,84218.359375,0,2025-11-14 06:45:00+00:00
84217.671875,84271.6875,84029.3203125,84122.453125,0,2025-11-14 07:45:00+00:00
84122.328125,84695.7421875,84073.328125,84684.0625,0,2025-11-14 08:45:00+00:00
84677.96875,84677.96875,84482.1484375,84562.6875,0,2025-11-14 09:45:00+00:00
84700.609375,84844.6875,84583.6796875,84730.71875,0,2025-11-17 03:45:00+00:00
84730.6015625,84812.2734375,84656.4765625,84738.2265625,0,2025-11-17 04:45:00+00:00
84738.2265625,84821.640625,84639.671875,84806.3125,0,2025-11-17 05:45:00+00:00
84806.1328125,84889.65625,84788.4609375,84846.9765625,0,2025-11-17 06:45:00+00:00
84847.0703125,84976.921875,84785.671875,84939.3984375,0,2025-11-17 07:45:00+00:00
84939.5625,84967.7578125,84822.65625,84959.2421875,0,2025-11-17 08:45:00+00:00
84957.6875,84957.6875,84941.7734375,84951.1171875,0,2025-11-17 09:45:00+00:00
85042.3671875,85042.3671875,84565.953125,84613.7890625,0,2025-11-18 03:45:00+00:00
84616.6328125,84758.296875,84558.5703125,84748.609375,0,2025-11-18 04:45:00+00:00
84747.0234375,84895.953125,84702.2890625,84838.2265625,0,2025-11-18 05:45:00+00:00
84839.109375,84851.7734375,84728.7421875,84823.6484375,0,2025-11-18 06:45:00+00:00
84823.6484375,84957.65625,84817.4765625,84927.53125,0,2025-11-18 07:45:00+00:00
84926.640625,84941.140625,84660.3203125,84664.1796875,0,2025-11-18 08:45:00+00:00
84656.75,84724.0234375,84656.75,84673.0625,0,2025-11-18 09:45:00+00:00
84704.828125,84859.2734375,84528.96875,84847.78125,0,2025-11-19 03:45:00+00:00
84850.25,84959.1796875,84765.078125,84765.078125,0,2025-11-19 04:45:00+00:00
84767.9609375,84990.9375,84739.7890625,84966.3828125,0,2025-11-19 05:45:00+00:00
84967.203125,85096.4609375,84962.9921875,85073.140625,0,2025-11-19 06:45:00+00:00
85073.046875,85103.796875,84941.328125,85094.2109375,0,2025-11-19 07:45:00+00:00
85092.140625,85236.7734375,85092.140625,85190.3203125,0,2025-11-19 08:45:00+00:00
85198.2578125,85198.2578125,85186.09375,85186.453125,0,2025-11-19 09:45:00+00:00
85387.953125,85417.921875,85201.9765625,85333.9765625,0,2025-11-20 03:45:00+00:00
85335.4609375,85481.9765625,85309.53125,85423.5078125,0,2025-11-20 04:45:00+00:00
85428.3828125,85498.7734375,85393.7421875,85468.59375,0,2025-11-20 05:45:00+00:00
85469.046875,85601.8125,85434.78125,85558.7421875,0,2025-11-20 06:45:00+00:00
85563.8515625,85767.7109375,85563.59375,85739.0703125,0,2025-11-20 07:45:00+00:00
85738.796875,85800.953125,85527.03125,85696.171875,0,2025-11-20 08:45:00+00:00
85694.5234375,85694.5234375,85626.34375,85632.6484375,0,2025-11-20 09:45:00+00:00
85350.40625,85609.3984375,85289.703125,85297.9765625,0,2025-11-21 03:45:00+00:00
85297.5078125,85371.34375,85195.0703125,85369.2890625,0,2025-11-21 04:45:00+00:00
85369.0,85416.9375,85237.5703125,85413.2890625,0,2025-11-21 05:45:00+00:00
85417.21875,85581.96875,85411.0703125,85446.2578125,0,2025-11-21 06:45:00+00:00
85446.609375,85490.3671875,85319.2109375,85489.03125,0,2025-11-21 07:45:00+00:00
85488.9765625,85527.796875,85219.0625,85246.921875,0,2025-11-21 08:45:00+00:00
85245.96875,85246.7109375,85231.1484375,85231.921875,0,2025-11-21 09:45:00+00:00
85426.390625,85436.890625,85210.9921875,85400.0703125,0,2025-11-24 03:45:00+00:00
85399.71875,85472.796875,85312.7890625,85329.53125,0,2025-11-24 04:45:00+00:00
85329.4296875,85437.1875,85223.9296875,85248.5234375,0,2025-11-24 05:45:00+00:00
85243.4609375,85336.7421875,85193.671875,85309.0625,0,2025-11-24 06:45:00+00:00
85303.8984375,85354.0703125,85150.84375,85220.7578125,0,2025-11-24 07:45:00+00:00
85221.0703125,85236.5234375,84851.0703125,84879.96875,0,2025-11-24 08:45:00+00:00
84872.609375,84969.0390625,84872.609375,84900.84375,0,2025-11-24 09:45:00+00:00
85009.09375,85107.5390625,84780.171875,85101.03125,0,2025-11-25 03:45:00+00:00
85098.8203125,85104.78125,84766.1796875,84822.7578125,0,2025-11-25 04:45:00+00:00
84822.75,84989.6484375,84810.2734375,84937.3203125,0,2025-11-25 05:45:00+00:00
84938.4765625,85042.890625,84840.3984375,84986.7265625,0,2025-11-25 06:45:00+00:00
84983.5703125,85104.1015625,84949.3671875,85081.7578125,0,2025-11-25 07:45:00+00:00
85081.4375,85100.953125,84553.34375,84618.6484375,0,2025-11-25 08:45:00+00:00
84618.8125,84622.2578125,84587.0078125,84587.0078125,0,2025-11-25 09:45:00+00:00
84503.578125,85266.296875,84503.578125,85239.2265625,0,2025-11-26 03:45:00+00:00
85239.5390625,85376.9765625,85126.1875,85295.5390625,0,2025-11-26 04:45:00+00:00
85297.671875,85468.109375,85293.5078125,85444.640625,0,2025-11-26 05:45:00+00:00
85442.640625,85582.3984375,85408.2265625,85545.65625,0,2025-11-26 06:45:00+00:00
85547.0390625,85630.3203125,85441.1484375,85567.203125,0,2025-11-26 07:45:00+00:00
85566.3671875,85643.703125,85452.609375,85623.8984375,0,2025-11-26 08:45:00+00:00
85623.28125,85623.28125,85604.3125,85609.328125,0,2025-11-26 09:45:00+00:00
85756.84375,86024.4375,85662.8203125,85915.1171875,0,2025-11-27 03:45:00+00:00
85920.1875,86055.609375,85871.0,85990.7578125,0,2025-11-27 04:45:00+00:00
85997.34375,86032.90625,85778.578125,85819.328125,0,2025-11-27 05:45:00+00:00
85818.1484375,85894.828125,85581.6015625,85590.25,0,2025-11-27 06:45:00+00:00
85591.203125,85679.0078125,85473.8515625,85631.59375,0,2025-11-27 07:45:00+00:00
85629.0390625,85775.96875,85576.6484375,85727.1171875,0,2025-11-27 08:45:00+00:00
85726.75,85726.75,85704.15625,85720.3828125,0,2025-11-27 09:45:00+00:00
85791.546875,85926.671875,85579.1796875,85835.8671875,0,2025-11-28 03:45:00+00:00
85834.046875,85969.890625,85752.0390625,85925.671875,0,2025-11-28 04:45:00+00:00
85928.1015625,85946.84375,85804.3671875,85827.2421875,0,2025-11-28 05:45:00+00:00
85827.2421875,85842.1484375,85724.4375,85759.65625,0,2025-11-28 06:45:00+00:00
85760.0703125,85830.9765625,85704.8515625,85715.53125,0,2025-11-28 07:45:00+00:00
85717.8203125,85786.59375,85688.546875,85694.9765625,0,2025-11-28 08:45:00+00:00
85695.75,85714.921875,85695.75,85707.46875,0,2025-11-28 09:45:00+00:00
86104.359375,86109.3984375,85933.171875,86005.7109375,0,2025-12-01 03:45:00+00:00
86007.7578125,86020.8984375,85786.1015625,85859.359375,0,2025-12-01 04:45:00+00:00
85860.5625,85934.6328125,85615.90625,85637.6328125,0,2025-12-01 05:45:00+00:00
85639.5703125,85677.5390625,85550.7421875,85667.65625,0,2025-12-01 06:45:00+00:00
85670.4375,85800.3984375,85599.0234375,85758.640625,0,2025-12-01 07:45:00+00:00
85756.09375,85765.9609375,85490.0,85640.578125,0,2025-12-01 08:45:00+00:00
85642.40625,85642.40625,85625.28125,85641.9765625,0,2025-12-01 09:45:00+00:00
85265.390625,85551.1328125,85251.5,85265.1328125,0,2025-12-02 03:45:00+00:00
85264.8203125,85387.578125,85215.53125,85317.7890625,0,2025-12-02 04:45:00+00:00
85312.53125,85337.7265625,85194.59375,85233.578125,0,2025-12-02 05:45:00+00:00
85232.859375,85338.2578125,85169.203125,85179.3984375,0,2025-12-02 06:45:00+00:00
85178.578125,85234.96875,85141.09375,85182.921875,0,2025-12-02 07:45:00+00:00
85188.0234375,85202.2265625,85053.0,85149.859375,0,2025-12-02 08:45:00+00:00
85146.9921875,85146.9921875,85109.3828125,85138.2734375,0,2025-12-02 09:45:00+00:00
85116.421875,85269.6796875,84765.3125,84858.359375,0,2025-12-03 03:45:00+00:00
84860.5390625,84924.84375,84769.0703125,84860.5234375,0,2025-12-03 04:45:00+00:00
84860.34375,84984.2578125,84773.203125,84964.5078125,0,2025-12-03 05:45:00+00:00
84964.5078125,85003.8203125,84832.6875,84896.796875,0,2025-12-03 06:45:00+00:00
84896.3125,84963.2421875,84801.9921875,84953.2421875,0,2025-12-03 07:45:00+00:00
84958.9765625,85174.34375,84893.9375,85129.5,0,2025-12-03 08:45:00+00:00
85121.2890625,85121.2890625,85104.90625,85106.8125,0,2025-12-03 09:45:00+00:00
84998.5078125,85324.171875,84950.9921875,85319.78125,0,2025-12-04 03:45:00+00:00
85321.328125,85486.90625,85274.2578125,85408.0625,0,2025-12-04 04:45:00+00:00
85408.6796875,85423.1796875,85182.1328125,85221.65625,0,2025-12-04 05:45:00+00:00
85226.0078125,85265.9296875,85087.8125,85125.1796875,0,2025-12-04 06:45:00+00:00
85123.0,85216.078125,85017.6015625,85157.21875,0,2025-12-04 07:45:00+00:00
85154.640625,85375.1796875,85104.65625,85265.828125,0,2025-12-04 08:45:00+00:00
85254.140625,85310.5390625,85254.140625,85265.609375,0,2025-12-04 09:45:00+00:00
85165.640625,85495.296875,85093.296875,85407.25,0,2025-12-05 03:45:00+00:00
85406.4375,85620.140625,85181.7421875,85611.1328125,0,2025-12-05 04:45:00+00:00
85611.4921875,85657.4375,85541.2421875,85553.3671875,0,2025-12-05 05:45:00+00:00
85554.40625,85793.0625,85548.6328125,85694.9921875,0,2025-12-05 06:45:00+00:00
85695.6875,85747.6796875,85579.9921875,85638.8125,0,2025-12-05 07:45:00+00:00
85641.8125,85742.140625,85504.71875,85723.359375,0,2025-12-05 08:45:00+00:00
85722.390625,85722.390625,85701.3203125,85712.3671875,0,2025-12-05 09:45:00+00:00
85710.2265625,85710.2265625,85361.5078125,85472.4765625,0,2025-12-08 03:45:00+00:00
85473.2421875,85507.046875,85331.3828125,85389.2265625,0,2025-12-08 04:45:00+00:00
85390.8671875,85426.421875,85321.1015625,85321.1015625,0,2025-12-08 05:45:00+00:00
85321.1171875,85369.59375,85230.953125,85331.5625,0,2025-12-08 06:45:00+00:00
85331.296875,85336.828125,84909.453125,84944.6171875,0,2025-12-08 07:45:00+00:00
84944.6171875,85201.5234375,84875.59375,85148.25,0,2025-12-08 08:45:00+00:00
85146.8828125,85150.03125,85102.6875,85102.6875,0,2025-12-08 09:45:00+00:00
84778.71875,84887.96875,84382.9609375,84560.6171875,0,2025-12-09 03:45:00+00:00
84561.796875,84792.1484375,84526.8984375,84782.8203125,0,2025-12-09 04:45:00+00:00
84783.7890625,84877.0234375,84630.90625,84873.8203125,0,2025-12-09 05:45:00+00:00
84873.8203125,84946.2890625,84745.3671875,84809.8515625,0,2025-12-09 06:45:00+00:00
84810.59375,84898.71875,84793.15625,84844.859375,0,2025-12-09 07:45:00+00:00
85102.6875,85102.6875,84588.6015625,84662.859375,0,2025-12-09 08:45:00+00:00
84665.640625,84675.1328125,84665.4921875,84666.28125,0,2025-12-09 09:45:00+00:00
84607.4921875,84958.203125,84607.4921875,84916.71875,0,2025-12-10 03:45:00+00:00
84916.140625,85019.78125,84606.1796875,84765.0078125,0,2025-12-10 04:45:00+00:00
84772.546875,84794.859375,84573.15625,84619.4296875,0,2025-12-10 05:45:00+00:00
84619.140625,84644.7265625,84412.390625,84497.140625,0,2025-12-10 06:45:00+00:00
84497.140625,84684.25,84363.2890625,84399.09375,0,2025-12-10 07:45:00+00:00
84398.78125,84494.046875,84313.828125,84399.15625,0,2025-12-10 08:45:00+00:00
84399.453125,84407.7578125,84390.6171875,84391.2734375,0,2025-12-10 09:45:00+00:00
84461.96875,84538.1796875,84150.1875,84500.2109375,0,2025-12-11 03:45:00+00:00
84507.6875,84628.109375,84351.65625,84449.8515625,0,2025-12-11 04:45:00+00:00
84454.8203125,84811.9609375,84432.390625,84765.9296875,0,2025-12-11 05:45:00+00:00
84765.9609375,84896.9609375,84618.7265625,84690.4375,0,2025-12-11 06:45:00+00:00
84685.671875,84827.0234375,84650.7578125,84697.0703125,0,2025-12-11 07:45:00+00:00
84706.75,84906.140625,84647.5390625,84806.6796875,0,2025-12-11 08:45:00+00:00
84806.34375,84826.8671875,84806.34375,84818.1328125,0,2025-12-11 09:45:00+00:00
85089.1328125,85282.7578125,85050.6484375,85116.6484375,0,2025-12-12 03:45:00+00:00
85112.8984375,85177.5234375,84957.0390625,85117.3125,0,2025-12-12 04:45:00+00:00
85117.3125,85280.6328125,85110.9921875,85193.6796875,0,2025-12-12 05:45:00+00:00
85193.6796875,85271.0703125,85169.4296875,85240.46875,0,2025-12-12 06:45:00+00:00
85240.78125,85310.7421875,85182.75,85268.9375,0,2025-12-12 07:45:00+00:00
85269.109375,85320.8203125,85187.2109375,85310.34375,0,2025-12-12 08:45:00+00:00
85307.890625,85307.890625,85267.5234375,85267.65625,0,2025-12-12 09:45:00+00:00
84898.203125,85150.0390625,84841.03125,85033.03125,0,2025-12-15 03:45:00+00:00
85032.671875,85131.8984375,84969.796875,85073.3203125,0,2025-12-15 04:45:00+00:00
85073.4765625,85239.09375,85005.953125,85205.34375,0,2025-12-15 05:45:00+00:00
85205.328125,85274.53125,85156.640625,85272.9921875,0,2025-12-15 06:45:00+00:00
85270.9375,85275.4609375,85108.53125,85148.40625,0,2025-12-15 07:45:00+00:00
85152.5390625,85278.5078125,85144.6328125,85221.1796875,0,2025-12-15 08:45:00+00:00
85221.03125,85230.5,85213.9609375,85213.9609375,0,2025-12-15 09:45:00+00:00
85010.3671875,85033.8828125,84717.078125,84750.3671875,0,2025-12-16 03:45:00+00:00
84752.5078125,84851.0234375,84734.1171875,84754.140625,0,2025-12-16 04:45:00+00:00
84754.140625,84808.5078125,84684.1875,84746.53125,0,2025-12-16 05:45:00+00:00
84745.0703125,84845.3125,84719.4765625,84764.71875,0,2025-12-16 06:45:00+00:00
84766.2421875,84904.2421875,84737.5625,84767.5703125,0,2025-12-16 07:45:00+00:00
84763.703125,84802.828125,84655.0078125,84685.3203125,0,2025-12-16 08:45:00+00:00
84685.7578125,84710.6484375,84680.1875,84680.1875,0,2025-12-16 09:45:00+00:00
84830.9296875,84889.046875,84570.7109375,84614.1796875,0,2025-12-17 03:45:00+00:00
84615.0625,84650.078125,84491.953125,84616.09375,0,2025-12-17 04:45:00+00:00
84616.09375,84650.53125,84437.90625,84460.1875,0,2025-12-17 05:45:00+00:00
84460.890625,84534.96875,84417.9765625,84469.53125,0,2025-12-17 06:45:00+00:00
84469.7109375,84578.96875,84436.7890625,84496.9609375,0,2025-12-17 07:45:00+00:00
84496.046875,84593.4375,84421.7265625,84538.96875,0,2025-12-17 08:45:00+00:00
84538.6328125,84560.7890625,84538.6328125,84559.6484375,0,2025-12-17 09:45:00+00:00
84451.65625,84557.6484375,84238.4296875,84456.8828125,0,2025-12-18 03:45:00+00:00
84457.2578125,84675.3828125,84422.5390625,84542.921875,0,2025-12-18 04:45:00+00:00
84542.7421875,84718.8203125,84510.3125,84713.203125,0,2025-12-18 05:45:00+00:00
84714.2421875,84778.796875,84639.9296875,84695.4375,0,2025-12-18 06:45:00+00:00
84699.328125,84704.859375,84443.828125,84472.34375,0,2025-12-18 07:45:00+00:00
84469.890625,84551.84375,84359.7890625,84518.6796875,0,2025-12-18 08:45:00+00:00
84525.3125,84525.3125,84479.6875,84481.8125,0,2025-12-18 09:45:00+00:00
84756.7890625,85014.828125,84756.7890625,84899.9765625,0,2025-12-19 03:45:00+00:00
84899.9765625,85067.5,84890.03125,84967.34375,0,2025-12-19 04:45:00+00:00
84969.3984375,84983.2578125,84792.421875,84916.4609375,0,2025-12-19 05:45:00+00:00
84916.9921875,84934.8984375,84797.296875,84807.203125,0,2025-12-19 06:45:00+00:00
84810.140625,84991.953125,84806.84375,84950.25,0,2025-12-19 07:45:00+00:00
84946.1171875,85030.3125,84858.546875,84939.0625,0,2025-12-19 08:45:00+00:00
84930.7734375,84934.0078125,84924.0234375,84929.421875,0,2025-12-19 09:45:00+00:00
85197.0703125,85460.25,85182.9765625,85405.0625,0,2025-12-22 03:45:00+00:00
85401.3984375,85459.140625,85362.2578125,85379.21875,0,2025-12-22 04:45:00+00:00
85380.3828125,85448.4609375,85351.1015625,85400.6015625,0,2025-12-22 05:45:00+00:00
85399.609375,85472.078125,85335.8125,85448.5,0,2025-12-22 06:45:00+00:00
85449.2265625,85499.5625,85416.9375,85461.296875,0,2025-12-22 07:45:00+00:00
85461.328125,85600.2421875,85418.6484375,85581.6015625,0,2025-12-22 08:45:00+00:00
85583.5703125,85583.5703125,85567.3515625,85567.6015625,0,2025-12-22 09:45:00+00:00
85667.28125,85667.28125,85343.0234375,85574.2578125,0,2025-12-23 03:45:00+00:00
85575.6875,85584.8125,85465.28125,85579.96875,0,2025-12-23 04:45:00+00:00
85579.96875,85587.8671875,85460.6328125,85553.2734375,0,2025-12-23 05:45:00+00:00
85553.2734375,85598.4375,85486.1484375,85570.578125,0,2025-12-23 06:45:00+00:00
85569.71875,85621.046875,85543.5078125,85607.6015625,0,2025-12-23 07:45:00+00:00
85609.2265625,85704.1171875,85486.46875,85546.21875,0,2025-12-23 08:45:00+00:00
85542.453125,85542.453125,85524.546875,85524.546875,0,2025-12-23 09:45:00+00:00
85519.953125,85685.6484375,85389.1484375,85678.71875,0,2025-12-24 03:45:00+00:00
85678.8984375,85734.296875,85564.9765625,85613.6015625,0,2025-12-24 04:45:00+00:00
85616.359375,85641.7890625,85483.6875,85544.46875,0,2025-12-24 05:45:00+00:00
85545.109375,85591.8125,85491.5703125,85516.0234375,0,2025-12-24 06:45:00+00:00
85516.0234375,85523.3984375,85395.0625,85451.34375,0,2025-12-24 07:45:00+00:00
85453.078125,85487.859375,85344.34375,85464.8828125,0,2025-12-24 08:45:00+00:00
85459.7421875,85459.7421875,85404.5703125,85408.8125,0,2025-12-24 09:45:00+00:00
85295.90625,85375.921875,85166.90625,85239.7890625,0,2025-12-26 03:45:00+00:00
85240.1875,85247.84375,85153.859375,85171.0703125,0,2025-12-26 04:45:00+00:00
85171.0234375,85173.15625,85067.6484375,85086.21875,0,2025-12-26 05:45:00+00:00
85086.71875,85118.421875,85000.21875,85034.421875,0,2025-12-26 06:45:00+00:00
85034.71875,85072.890625,85006.2421875,85034.859375,0,2025-12-26 07:45:00+00:00
85036.0703125,85075.2265625,84937.8203125,85073.8984375,0,2025-12-26 08:45:00+00:00
85066.75,85066.75,85039.7421875,85041.203125,0,2025-12-26 09:45:00+00:00
85127.3203125,85248.9921875,84975.0390625,84994.40625,0,2025-12-29 03:45:00+00:00
84991.9375,85003.7578125,84802.9765625,84815.46875,0,2025-12-29 04:45:00+00:00
84814.3671875,84837.953125,84754.8828125,84803.4921875,0,2025-12-29 05:45:00+00:00
84803.4921875,84814.2734375,84725.609375,84738.6875,0,2025-12-29 06:45:00+00:00
84739.75,84759.453125,84650.1171875,84713.546875,0,2025-12-29 07:45:00+00:00
84713.2578125,84800.5,84641.5078125,84702.359375,0,2025-12-29 08:45:00+00:00
84695.34375,84695.890625,84680.640625,84695.5390625,0,2025-12-29 09:45:00+00:00
84686.1328125,84709.3515625,84471.2265625,84684.328125,0,2025-12-30 03:45:00+00:00
84684.78125,84802.640625,84595.7578125,84624.25,0,2025-12-30 04:45:00+00:00
84624.25,84638.640625,84506.859375,84518.1875,0,2025-12-30 05:45:00+00:00
84518.1875,84610.3671875,84501.546875,84544.046875,0,2025-12-30 06:45:00+00:00
84543.7109375,84749.5625,84531.421875,84679.4765625,0,2025-12-30 07:45:00+00:00
84679.4765625,84737.9375,84583.828125,84665.296875,0,2025-12-30 08:45:00+00:00
84667.6875,84675.078125,84660.296875,84675.078125,0,2025-12-30 09:45:00+00:00
84793.578125,84922.28125,84706.4296875,84811.953125,0,2025-12-31 03:45:00+00:00
84811.4375,84974.15625,84794.34375,84965.296875,0,2025-12-31 04:45:00+00:00
84963.28125,85087.671875,84909.921875,85085.6171875,0,2025-12-31 05:45:00+00:00
85085.4375,85320.046875,85066.546875,85312.2265625,0,2025-12-31 06:45:00+00:00
85312.2265625,85400.140625,85255.953125,85348.0,0,2025-12-31 07:45:00+00:00
85348.0,85437.1171875,85154.171875,85193.109375,0,2025-12-31 08:45:00+00:00
85196.859375,85232.5,85196.859375,85220.65625,0,2025-12-31 09:45:00+00:00
85293.84375,85448.421875,85276.7578125,85301.3515625,0,2026-01-01 03:45:00+00:00
85302.6328125,85412.6484375,85172.421875,85365.078125,0,2026-01-01 04:45:00+00:00
85362.9765625,85364.6796875,85163.5078125,85181.8828125,0,2026-01-01 05:45:00+00:00
85183.859375,85292.2890625,85118.8203125,85269.3984375,0,2026-01-01 06:45:00+00:00
85275.46875,85345.390625,85177.1484375,85307.65625,0,2026-01-01 07:45:00+00:00
85308.046875,85340.171875,85153.4375,85180.65625,0,2026-01-01 08:45:00+00:00
85170.0390625,85210.78125,85170.0390625,85188.6171875,0,2026-01-01 09:45:00+00:00
85236.890625,85605.1328125,85106.21875,85543.140625,0,2026-01-02 03:45:00+00:00
85543.90625,85582.859375,85481.15625,85505.1484375,0,2026-01-02 04:45:00+00:00
85504.5078125,85658.3515625,85503.9765625,85631.7265625,0,2026-01-02 05:45:00+00:00
85630.96875,85705.671875,85596.1015625,85657.53125,0,2026-01-02 06:45:00+00:00
85657.3515625,85692.71875,85632.2421875,85661.3125,0,2026-01-02 07:45:00+00:00
85661.2109375,85775.3984375,85546.796875,85749.703125,0,2026-01-02 08:45:00+00:00
85748.21875,85762.0390625,85727.3515625,85762.0390625,0,2026-01-02 09:45:00+00:00
85640.4296875,85796.296875,85516.953125,85773.4375,0,2026-01-05 03:45:00+00:00
85771.4375,85882.6328125,85752.96875,85816.859375,0,2026-01-05 04:45:00+00:00
85817.2109375,85831.84375,85652.6328125,85728.6484375,0,2026-01-05 05:45:00+00:00
85731.1328125,85770.3125,85637.1484375,85644.21875,0,2026-01-05 06:45:00+00:00
85638.1484375,85664.7578125,85325.78125,85371.0078125,0,2026-01-05 07:45:00+00:00
85369.0703125,85562.46875,85315.6328125,85440.2265625,0,2026-01-05 08:45:00+00:00
85441.0234375,85482.671875,85439.6171875,85439.6171875,0,2026-01-05 09:45:00+00:00
85331.140625,85396.7890625,85024.828125,85301.7734375,0,2026-01-06 03:45:00+00:00
85300.9765625,85332.9765625,85119.1015625,85128.3203125,0,2026-01-06 04:45:00+00:00
85135.4921875,85152.421875,84958.4921875,85046.71875,0,2026-01-06 05:45:00+00:00
85047.1796875,85109.09375,84982.859375,85050.921875,0,2026-01-06 06:45:00+00:00
85055.4765625,85062.171875,84900.1015625,84923.3203125,0,2026-01-06 07:45:00+00:00
84922.0390625,85093.6875,84905.9765625,85060.046875,0,2026-01-06 08:45:00+00:00
85055.3515625,85064.1015625,85048.828125,85063.4921875,0,2026-01-06 09:45:00+00:00
84883.6171875,85039.1875,84781.34375,84985.7734375,0,2026-01-07 03:45:00+00:00
84991.8203125,85074.9296875,84864.9765625,84979.8828125,0,2026-01-07 04:45:00+00:00
84979.390625,85022.9375,84826.7890625,84840.6484375,0,2026-01-07 05:45:00+00:00
84840.671875,84857.546875,84728.6015625,84820.640625,0,2026-01-07 06:45:00+00:00
84820.9921875,84844.046875,84707.9921875,84826.7890625,0,2026-01-07 07:45:00+00:00
84825.3828125,84986.25,84741.53125,84973.5078125,0,2026-01-07 08:45:00+00:00
84974.6796875,84974.6796875,84939.453125,84961.1484375,0,2026-01-07 09:45:00+00:00
84771.2421875,84963.6015625,84678.8515625,84774.6171875,0,2026-01-08 03:45:00+00:00
84774.1015625,84774.1015625,84597.4609375,84597.9765625,0,2026-01-08 04:45:00+00:00
84598.640625,84637.390625,84232.7578125,84370.5234375,0,2026-01-08 05:45:00+00:00
84373.2109375,84417.359375,84250.3828125,84329.09375,0,2026-01-08 06:45:00+00:00
84329.4921875,84406.3984375,84207.453125,84369.8125,0,2026-01-08 07:45:00+00:00
84369.9296875,84428.7265625,84111.3671875,84187.71875,0,2026-01-08 08:45:00+00:00
84187.2890625,84187.296875,84177.7265625,84181.1875,0,2026-01-08 09:45:00+00:00
84107.2109375,84405.3984375,84029.109375,84121.4375,0,2026-01-09 03:45:00+00:00
84122.4375,84235.15625,83919.046875,83919.7578125,0,2026-01-09 04:45:00+00:00
83916.703125,83987.7109375,83707.9765625,83721.03125,0,2026-01-09 05:45:00+00:00
83721.2421875,83771.140625,83509.1875,83575.2578125,0,2026-01-09 06:45:00+00:00
83577.21875,83703.9921875,83500.7890625,83507.0625,0,2026-01-09 07:45:00+00:00
83506.3828125,83638.1171875,83402.6875,83610.9375,0,2026-01-09 08:45:00+00:00
83608.3203125,83608.3203125,83570.9375,83576.6875,0,2026-01-09 09:45:00+00:00
