asset_class,model_name,fold_name,train_samples,test_samples,calibrated_threshold,is_win_rate,oos_win_rate,wfe,oos_profit_factor,oos_mean_return,oos_max_dd,oos_trade_count,passed_fold_gate
EQUITY,LogisticRegression_L2,Fold 1 (2024 -> Q1 2025),4780,1240,0.4573,57.02,37.21,0.653,0.93,-0.09,54.66,129,False
EQUITY,LogisticRegression_L2,Fold 2 (2024–H1 2025 -> Q3 2025),7240,1280,0.4437,49.79,47.46,0.953,1.21,0.19,29.77,59,True
EQUITY,LogisticRegression_L2,Fold 3 (2024–2025 -> 2026 Live),9761,3140,0.4443,49.18,34.41,0.7,0.77,-0.32,238.82,587,False
EQUITY,RidgeClassifier,Fold 1 (2024 -> Q1 2025),4780,1240,0.4785,56.81,38.21,0.673,0.99,-0.02,51.91,123,False
EQUITY,RidgeClassifier,Fold 2 (2024–H1 2025 -> Q3 2025),7240,1280,0.4718,50.28,48.28,0.96,1.25,0.23,27.97,58,True
EQUITY,RidgeClassifier,Fold 3 (2024–2025 -> 2026 Live),9761,3140,0.472,48.83,34.01,0.696,0.76,-0.34,245.55,588,False
EQUITY,DecisionTree_Shallow,Fold 1 (2024 -> Q1 2025),4780,1240,0.5249,68.66,27.96,0.407,0.59,-0.62,62.44,93,False
EQUITY,DecisionTree_Shallow,Fold 2 (2024–H1 2025 -> Q3 2025),7240,1280,0.4435,56.18,41.94,0.747,0.83,-0.17,17.33,31,False
EQUITY,DecisionTree_Shallow,Fold 3 (2024–2025 -> 2026 Live),9761,3140,0.5088,56.61,35.36,0.625,0.85,-0.2,183.08,659,False
EQUITY,RandomForest_Robust,Fold 1 (2024 -> Q1 2025),4780,1240,0.4724,72.23,29.79,0.412,0.67,-0.5,106.32,141,False
EQUITY,RandomForest_Robust,Fold 2 (2024–H1 2025 -> Q3 2025),7240,1280,0.4537,64.69,47.56,0.735,1.28,0.23,21.82,82,True
EQUITY,RandomForest_Robust,Fold 3 (2024–2025 -> 2026 Live),9761,3140,0.4493,63.15,35.13,0.556,0.85,-0.2,152.29,575,False
EQUITY,ExtraTrees_Robust,Fold 1 (2024 -> Q1 2025),4780,1240,0.431,67.86,28.68,0.423,0.62,-0.57,97.3,136,False
EQUITY,ExtraTrees_Robust,Fold 2 (2024–H1 2025 -> Q3 2025),7240,1280,0.4109,57.85,51.92,0.897,1.5,0.37,36.48,156,True
EQUITY,ExtraTrees_Robust,Fold 3 (2024–2025 -> 2026 Live),9761,3140,0.4159,60.63,31.05,0.512,0.72,-0.4,214.27,541,False
EQUITY,LightGBM_Regularized,Fold 1 (2024 -> Q1 2025),4780,1240,0.494,75.78,30.26,0.399,0.63,-0.54,106.81,152,False
EQUITY,LightGBM_Regularized,Fold 2 (2024–H1 2025 -> Q3 2025),7240,1280,0.4617,64.09,48.85,0.762,1.28,0.22,30.88,131,True
EQUITY,LightGBM_Regularized,Fold 3 (2024–2025 -> 2026 Live),9761,3140,0.4612,64.3,33.33,0.518,0.81,-0.26,147.69,513,False
EQUITY,XGBoost_Regularized,Fold 1 (2024 -> Q1 2025),4780,1240,0.5025,78.66,28.39,0.361,0.61,-0.58,122.45,155,False
EQUITY,XGBoost_Regularized,Fold 2 (2024–H1 2025 -> Q3 2025),7240,1280,0.4675,66.53,47.33,0.711,1.27,0.21,26.56,131,True
EQUITY,XGBoost_Regularized,Fold 3 (2024–2025 -> 2026 Live),9761,3140,0.4659,65.81,33.0,0.501,0.78,-0.29,142.07,497,False
EQUITY,CatBoost_Regularized,Fold 1 (2024 -> Q1 2025),4780,1240,0.474,66.04,32.47,0.492,0.75,-0.36,105.57,154,False
EQUITY,CatBoost_Regularized,Fold 2 (2024–H1 2025 -> Q3 2025),7240,1280,0.4496,58.76,36.36,0.619,0.9,-0.11,10.53,22,False
EQUITY,CatBoost_Regularized,Fold 3 (2024–2025 -> 2026 Live),9761,3140,0.4452,59.51,33.7,0.566,0.8,-0.26,162.92,549,False
OPTIONS,LogisticRegression_L2,Fold 1 (2024 -> Q1 2025),956,248,0.5542,84.38,35.71,0.423,0.89,-0.06,7.06,14,False
OPTIONS,LogisticRegression_L2,Fold 2 (2024–H1 2025 -> Q3 2025),1448,256,0.5046,76.55,0.0,0.0,0.0,0.0,0.0,0,False
OPTIONS,LogisticRegression_L2,Fold 3 (2024–2025 -> 2026 Live),1952,636,0.4828,72.82,40.39,0.555,0.92,-0.06,50.57,203,False
OPTIONS,RidgeClassifier,Fold 1 (2024 -> Q1 2025),956,248,0.5189,85.42,40.0,0.468,1.17,0.09,7.06,15,False
OPTIONS,RidgeClassifier,Fold 2 (2024–H1 2025 -> Q3 2025),1448,256,0.4988,77.24,0.0,0.0,0.0,0.0,0.0,0,False
OPTIONS,RidgeClassifier,Fold 3 (2024–2025 -> 2026 Live),1952,636,0.4898,70.41,40.0,0.568,0.9,-0.07,50.65,200,False
OPTIONS,DecisionTree_Shallow,Fold 1 (2024 -> Q1 2025),956,248,0.6462,96.88,0.0,0.0,0.0,0.0,0.0,0,False
OPTIONS,DecisionTree_Shallow,Fold 2 (2024–H1 2025 -> Q3 2025),1448,256,0.3873,79.58,100.0,1.257,5.0,0.65,0.0,2,False
OPTIONS,DecisionTree_Shallow,Fold 3 (2024–2025 -> 2026 Live),1952,636,0.3975,53.47,38.04,0.711,0.8,-0.12,97.17,552,False
OPTIONS,RandomForest_Robust,Fold 1 (2024 -> Q1 2025),956,248,0.5573,92.71,40.0,0.431,0.69,-0.17,3.82,10,False
OPTIONS,RandomForest_Robust,Fold 2 (2024–H1 2025 -> Q3 2025),1448,256,0.5029,86.21,16.67,0.193,0.43,-0.36,2.73,6,False
OPTIONS,RandomForest_Robust,Fold 3 (2024–2025 -> 2026 Live),1952,636,0.4707,83.16,39.18,0.471,0.93,-0.05,50.8,171,False
OPTIONS,ExtraTrees_Robust,Fold 1 (2024 -> Q1 2025),956,248,0.4488,87.5,0.0,0.0,0.0,-0.9,4.5,6,False
OPTIONS,ExtraTrees_Robust,Fold 2 (2024–H1 2025 -> Q3 2025),1448,256,0.4166,84.83,0.0,0.0,0.0,0.0,0.0,0,False
OPTIONS,ExtraTrees_Robust,Fold 3 (2024–2025 -> 2026 Live),1952,636,0.4087,79.59,37.69,0.474,0.87,-0.09,49.05,199,False
OPTIONS,LightGBM_Regularized,Fold 1 (2024 -> Q1 2025),956,248,0.5761,97.92,57.14,0.584,2.52,0.49,1.69,14,True
OPTIONS,LightGBM_Regularized,Fold 2 (2024–H1 2025 -> Q3 2025),1448,256,0.5383,90.34,40.0,0.443,1.09,0.04,2.87,10,False
OPTIONS,LightGBM_Regularized,Fold 3 (2024–2025 -> 2026 Live),1952,636,0.5063,86.73,38.26,0.441,0.95,-0.04,35.1,149,False
OPTIONS,XGBoost_Regularized,Fold 1 (2024 -> Q1 2025),956,248,0.6035,96.91,63.64,0.657,3.17,0.61,1.18,11,True
OPTIONS,XGBoost_Regularized,Fold 2 (2024–H1 2025 -> Q3 2025),1448,256,0.5607,94.44,50.0,0.529,2.01,0.34,1.0,8,False
OPTIONS,XGBoost_Regularized,Fold 3 (2024–2025 -> 2026 Live),1952,636,0.4881,86.69,38.22,0.441,0.9,-0.07,45.8,191,False
OPTIONS,CatBoost_Regularized,Fold 1 (2024 -> Q1 2025),956,248,0.5319,93.75,33.33,0.356,0.72,-0.17,3.82,9,False
OPTIONS,CatBoost_Regularized,Fold 2 (2024–H1 2025 -> Q3 2025),1448,256,0.4868,86.9,0.0,0.0,0.0,-0.74,0.31,2,False
OPTIONS,CatBoost_Regularized,Fold 3 (2024–2025 -> 2026 Live),1952,636,0.4579,80.51,39.01,0.485,0.92,-0.06,50.09,182,False
